"Time","GSR","BP","VAS"
1,1.5633,6.9458,-0.0203
2,1.4465,9.8586,-0.0221
3,1.6072,-11.1417,-0.0218
4,1.9339,9.764,-0.0249
5,2.3263,-8.3669,-0.022
6,2.6566,6.3968,-0.0234
7,2.6614,4.6242,-0.0235
8,2.359,1.8731,-0.0189
9,2.0524,6.076,-0.0214
10,1.7723,-5.9732,-0.0222
11,1.5863,12.9992,-0.025
12,1.5424,-5.7588,-0.0222
13,1.7381,10.046,-0.0211
14,1.8005,-9.1623,-0.0211
15,1.952,8.3524,-0.0254
16,2.276,-2.8182,-0.0233
17,2.4317,8.1934,-0.0239
18,2.3613,-6.4767,-0.0216
19,2.6294,8.5629,-0.0183
20,2.6191,-6.484,-0.0207
21,2.9218,8.3136,-0.0254
22,3.5727,-6.6166,-0.0227
23,3.3783,6.5884,-0.0224
24,3.0826,-4.4822,-0.0186
25,3.0349,8.283,-0.0221
26,2.7889,-5.8341,-0.0195
27,2.5554,8.9543,-0.022
28,2.7401,4.1912,-0.0211
29,2.891,-3.2626,-0.0216
30,2.8078,7.0809,-0.0218
31,2.9829,-4.1616,-0.0218
32,2.9462,9.1175,-0.0217
33,3.2395,-8.775,-0.0218
34,3.503,6.1252,-0.0208
35,3.1964,-5.5873,-0.0204
36,3.3455,7.6031,-0.0217
37,4.0281,0.2907,-0.0219
38,3.7964,1.7202,-0.0246
39,3.3109,9.9873,-0.0211
40,3.5313,-8.2237,-0.0232
41,3.7924,6.2174,-0.0208
42,4.1897,-7.992,-0.0212
43,4.0231,7.7759,-0.0224
44,3.5941,9.1596,-0.02
45,3.2713,-9.1813,-0.0224
46,3.1176,4.4566,-0.0208
47,3.3793,3.0704,-0.0232
48,3.9896,-0.2857,-0.0229
49,4.6302,5.3923,-0.0218
50,4.5359,-5.0795,-0.0208
51,4.0114,1.7356,-0.0235
52,4.0315,3.8833,-0.0245
53,4.2898,-9.2528,-0.0242
54,4.7603,-1.2536,-0.0247
55,5.555,1.8574,-0.0232
56,5.7283,-0.5002,-0.0232
57,5.2519,2.3576,-0.023
58,4.7543,1.5573,-0.0251
59,4.9653,0.67,-0.0241
60,6.1235,3.1379,-0.0257
61,6.2031,9.9485,-0.0254
62,6.7461,-6.9617,-0.022
63,7.4544,3.6385,-0.026
64,7.1238,3.539,-0.0222
65,6.7114,-4.1137,-0.0259
66,6.7574,3.1706,0.0461
67,6.5789,-3.8607,-0.0123
68,6.8574,6.0782,-0.0272
69,7.3911,-1.2037,-0.0239
70,7.2224,3.8079,-0.0247
71,6.6707,7.7592,-0.0247
72,6.3572,-5.7886,-0.0223
73,6.3001,6.7602,-0.0271
74,6.8583,-7.1138,-0.0237
75,7.2295,2.273,-0.0263
76,6.8253,-4.8543,-0.0246
77,6.5257,5.0166,-0.0235
78,6.303,-3.6123,-0.0236
79,6.508,15.1045,-0.026
80,6.9326,-6.7701,-0.0223
81,6.3902,-3.3215,-0.0247
82,6.0678,1.314,-0.0241
83,6.1371,-1.1514,-0.0245
84,6.1526,-1.3315,-0.0231
85,5.9226,2.9693,-0.0266
86,5.7433,-4.0251,-0.0213
87,6.0147,5.6725,-0.0271
88,6.5246,5.0858,-0.0258
89,6.7285,6.2085,-0.024
90,6.6778,-3.2779,-0.0255
91,6.5314,6.8764,-0.0265
92,6.1982,-6.3447,-0.0263
93,6.1583,5.4744,-0.0255
94,6.5463,-5.072,0.0062
95,6.266,6.1978,-0.0094
96,5.898,-3.3497,-0.0166
97,6.5172,6.4541,-0.0263
98,6.983,-4.9709,-0.026
99,6.5137,4.9944,-0.0257
100,6.189,-5.2933,0.0435
101,5.8417,4.4479,-0.0271
102,5.7014,-5.7291,-0.023
103,5.5959,2.6265,-0.0292
104,5.7014,-1.0846,-0.0244
105,5.7734,7.7897,-0.0204
106,5.8472,0.8559,-0.0296
107,5.9759,-0.9764,-0.0253
108,5.8766,4.6268,-0.0204
109,6.0145,-1.4909,-0.0246
110,6.0441,-3.2188,-0.0251
111,5.8116,4.567,-0.0221
112,5.5801,0.2861,-0.0248
113,5.4565,-3.0932,-0.0255
114,5.3815,6.7581,-0.0246
115,5.3421,0.14,-0.0254
116,5.8418,3.3828,-0.0248
117,5.9869,5.3227,-0.0243
118,5.7695,-6.5463,-0.0237
119,6.1556,3.7736,-0.0242
120,6.415,-3.5469,-0.0247
121,6.9204,1.4006,-0.0246
122,6.7801,3.5247,-0.0249
123,6.3837,-5.676,-0.0274
124,6.0873,4.8907,-0.0223
125,6.047,-5.4197,-0.0216
126,6.0886,3.8168,-0.0227
127,5.9376,-2.0799,-0.0252
128,6.4,7.8858,-0.022
129,7.4375,-3.4139,-0.0265
130,7.8232,8.8433,-0.0213
131,7.3226,-4.9857,-0.0258
132,6.8136,7.0499,-0.0234
133,6.6882,-6.8282,-0.0216
134,6.6479,2.0122,-0.0238
135,6.5845,0.6969,-0.0217
136,6.3513,-3.9776,-0.0234
137,6.1909,7.6133,-0.0242
138,6.3938,-4.1602,-0.0231
139,6.7529,5.0829,-0.0245
140,6.5845,-5.212,-0.0248
141,6.3679,4.166,-0.0238
142,6.5901,-2.2132,-0.0224
143,7.684,7.5703,-0.026
144,7.5931,-2.853,-0.0247
145,6.9315,1.9115,-0.0245
146,6.5682,-1.5456,-0.0241
147,7.1154,1.0167,-0.0284
148,7.4408,1.0538,-0.0215
149,7.3742,-5.8622,-0.0237
150,8.0749,0.3269,-0.0244
151,8.0554,3.0028,-0.0263
152,7.752,-4.5168,-0.0245
153,8.662,0.4651,-0.025
154,8.5083,-2.8396,-0.0233
155,7.7079,-0.0289,-0.0256
156,7.4152,-3.7441,-0.023
157,7.3965,0.8275,-0.028
158,7.1415,5.493,-0.0199
159,6.9798,3.9738,-0.0239
160,6.9086,6.3714,-0.0241
161,6.9384,-3.685,-0.0221
162,7.3699,4.9684,-0.028
163,7.4484,1.8015,-0.0219
164,7.2386,-5.5113,-0.0251
165,7.264,3.7677,-0.0247
166,7.8523,-2.8776,-0.0254
167,8.0168,5.7603,-0.0227
168,7.732,5.8714,-0.0232
169,7.3951,-5.0042,-0.029
170,7.1806,10.2434,-0.0235
171,7.0485,-7.6606,-0.0239
172,7.1827,5.249,-0.027
173,8.0037,2.6232,-0.0258
174,7.8525,-0.7273,-0.022
175,7.4712,7.2209,-0.0253
176,7.2029,-7.5091,-0.0241
177,7.1182,4.2918,-0.0238
178,7.054,-5.0433,-0.0244
179,7.3832,6.6358,-0.0234
180,7.8374,0.7953,-0.0277
181,7.9879,0.2166,-0.0238
182,7.688,4.0448,-0.0243
183,7.4914,-4.0505,-0.0258
184,7.2458,7.3338,-0.0279
185,7.1789,-9.12,-0.0282
186,7.1663,4.297,-0.0228
187,7.0701,-2.2722,-0.026
188,7.1164,4.133,-0.0237
189,7.3477,8.3867,-0.0238
190,7.6878,-11.7903,-0.0259
191,8.5673,4.5122,-0.0226
192,8.3077,-4.0311,-0.0274
193,7.7557,3.2851,-0.0209
194,8.0628,3.5329,-0.0246
195,8.8835,-6.9573,-0.0261
196,8.4791,5.2756,-0.0239
197,8.4719,-4.4062,-0.0248
198,8.9569,4.2112,-0.0243
199,8.5431,2.2097,-0.0201
200,8.7163,4.9484,-0.0254
201,9.9491,-10.986,-0.0233
202,9.5682,2.7726,-0.0241
203,9.4085,3.4388,-0.0226
204,9.2937,-7.838,-0.0233
205,8.9748,6.1446,-0.0245
206,8.8618,6.2892,-0.0276
207,8.7907,-9.777,-0.0232
208,8.5047,5.0926,-0.025
209,8.7266,3.725,-0.0257
210,9.3731,-1.8037,-0.0258
211,9.6074,5.1951,-0.023
212,10.5908,-5.5578,-0.0255
213,10.0502,6.3364,-0.0243
214,9.1381,-5.4627,-0.0228
215,9.0206,6.7867,-0.0251
216,9.6111,-5.975,-0.0216
217,10.1909,4.4122,-0.0207
218,10.6894,-5.9399,-0.022
219,10.0455,2.0558,-0.0237
220,9.9273,-3.2742,-0.0217
221,9.6797,6.9819,-0.0235
222,9.428,-2.3032,-0.0201
223,9.5949,5.8405,-0.0229
224,9.6912,-4.3975,-0.0231
225,9.9422,4.6324,-0.0245
226,9.9145,-5.6366,-0.0225
227,10.9711,2.1855,-0.0218
228,11.0645,-3.6093,-0.0254
229,10.1485,3.8191,-0.0224
230,10.201,-2.2312,-0.024
231,10.4644,5.6064,-0.0234
232,10.4926,0.6429,-0.0236
233,10.2546,3.2345,-0.0243
234,9.4534,-3.1058,-0.0234
235,9.2679,6.1176,-0.0231
236,9.2561,4.1772,-0.0224
237,9.8279,0.3438,-0.025
238,11.176,-0.534,-0.023
239,11.1647,-9.8462,-0.0249
240,10.8125,-1.6685,-0.0223
241,10.4108,-2.0161,-0.0214
242,10.1269,1.1504,-0.0255
243,9.9668,7.0617,-0.0231
244,9.8027,-1.7077,-0.0233
245,10.6035,1.2133,-0.0243
246,11.4598,4.3939,-0.0235
247,11.9925,1.5746,-0.0223
248,11.7949,-5.5952,-0.0213
249,10.7657,3.5121,-0.0223
250,10.1138,-3.3379,-0.0215
251,9.8559,5.735,-0.0232
252,9.7189,4.2347,-0.0254
253,9.6723,-6.4267,-0.0246
254,9.7623,3.5057,-0.0208
255,10.8972,1.9117,-0.0244
256,11.1292,8.0028,-0.0232
257,10.5023,-8.6853,-0.024
258,10.3578,4.6563,-0.0263
259,10.4501,3.2655,-0.0229
260,10.367,-3.2332,-0.0245
261,10.2767,2.8528,-0.0214
262,10.0368,-1.8478,-0.0211
263,9.8139,-0.6183,-0.0237
264,10.2868,1.198,-0.0256
265,10.6685,10.8371,-0.0217
266,11.2922,-8.5486,-0.0231
267,11.0206,2.6565,-0.0234
268,10.5411,-5.2051,-0.0251
269,10.3163,6.4315,-0.0247
270,10.2223,-6.7078,-0.0243
271,10.1394,4.1389,-0.0237
272,10.0877,6.8195,-0.0254
273,10.1318,-5.1335,-0.0231
274,11.2692,2.3296,-0.0228
275,12.1234,3.4041,-0.0244
276,11.5143,-10.4203,-0.0267
277,10.7665,2.4011,-0.0266
278,10.5044,-4.3964,-0.0253
279,10.4429,5.7613,-0.0234
280,10.2717,-2.9082,-0.0237
281,10.1076,5.7893,-0.0229
282,9.9405,-0.0392,-0.0223
283,10.2189,1.0203,-0.0243
284,10.8433,4.7402,-0.0231
285,11.0895,-3.7669,-0.0233
286,11.3559,3.2589,-0.0241
287,11.2459,0.3533,-0.0234
288,10.972,4.0728,-0.0253
289,11.3994,-2.0626,-0.025
290,11.755,8.1769,-0.0255
291,11.288,-6.693,-0.0262
292,11.3652,7.4763,-0.0239
293,12.244,-6.7103,-0.0249
294,12.011,-2.3144,-0.0244
295,11.739,-2.7335,-0.0246
296,12.6237,4.1549,-0.0239
297,12.7195,-5.5096,-0.0245
298,12.4325,-3.6105,-0.0243
299,12.8751,4.9178,-0.0222
300,12.8024,-3.0515,-0.0225
301,12.2621,7.3498,-0.0209
302,12.0014,-4.5429,-0.0223
303,11.6455,5.523,-0.0211
304,11.4408,-3.736,-0.0236
305,12.4457,6.0047,-0.0228
306,13.1275,-6.246,-0.0252
307,12.3263,4.2133,-0.0232
308,12.537,-4.9628,-0.0239
309,13.5776,-4.3523,-0.0244
310,12.886,1.8447,-0.0214
311,12.3901,-1.5688,-0.0235
312,12.5503,5.6696,-0.0245
313,12.6451,-0.803,-0.0219
314,12.4008,-0.9889,-0.0221
315,12.1348,2.6969,-0.0237
316,12.2983,1.4741,-0.0241
317,12.6718,-3.9783,-0.0219
318,13.1222,-3.3094,-0.0232
319,12.6148,3.438,-0.02
320,12.1475,-0.0357,-0.0223
321,11.9664,6.1356,-0.0239
322,12.6988,-4.8144,-0.0246
323,13.4341,-1.5564,-0.0229
324,13.9084,-0.0803,-0.0221
325,13.6024,0.9143,-0.0265
326,12.8344,-0.378,-0.0213
327,12.3207,2.6555,-0.0209
328,12.3959,-0.6594,-0.0253
329,12.8697,-2.1773,-0.0243
330,13.5899,1.2134,-0.0194
331,14.3291,-1.2173,-0.0234
332,14.1988,-1.4737,-0.0216
333,13.6611,0.9417,-0.0193
334,13.3972,-1.446,-0.0232
335,12.8659,2.2362,-0.0221
336,12.2581,-1.1266,-0.0193
337,11.9699,3.9033,-0.0231
338,12.3689,-0.8543,-0.0188
339,13.353,0.8118,-0.0236
340,12.9567,-2.801,-0.0215
341,12.4432,2.1221,-0.0227
342,12.2695,-0.7772,-0.0218
343,12.1476,3.2865,-0.024
344,12.0618,-1.6661,-0.0237
345,12.2462,4.0604,-0.0184
346,12.4865,-3.9777,-0.0204
347,12.5705,2.5622,-0.0232
348,12.5751,-1.4306,-0.0206
349,12.3536,4.9335,-0.0235
350,12.5079,-2.1649,-0.0225
351,13.2144,3.3472,-0.0249
352,13.4519,-3.4316,-0.0237
353,12.923,4.4925,-0.0256
354,12.4404,-2.7972,-0.0221
355,12.2008,3.8038,-0.0207
356,12.4145,-1.472,-0.0209
357,13.6613,3.1036,-0.0236
358,13.5513,3.7334,-0.0219
359,13.12,-4.5307,-0.0235
360,12.5712,4.0491,-0.0228
361,12.3119,-4.6609,-0.0237
362,12.2536,3.6312,-0.0209
363,12.3781,-3.8965,-0.0216
364,12.5555,2.1174,-0.0229
365,12.5468,2.9043,-0.0246
366,12.463,-1.8899,-0.0241
367,13.106,2.8574,-0.0236
368,13.3166,-2.0711,-0.0213
369,13.3641,1.5569,-0.0232
370,13.554,2.0875,-0.0251
371,13.4887,-3.8894,-0.0215
372,13.939,2.7052,-0.0222
373,13.5608,-5.9694,-0.0227
374,13.0315,3.9427,-0.0247
375,13.1228,-4.1264,-0.0213
376,13.7604,3.0437,-0.0239
377,14.4979,1.581,-0.0168
378,14.6702,-4.7713,-0.024
379,14.5432,1.5617,-0.0189
380,13.9569,-2.1869,-0.018
381,14.4527,-2.1956,-0.0243
382,14.4714,1.5866,-0.0214
383,14.7147,-0.6642,-0.0239
384,14.5341,3.1764,-0.0185
385,13.9578,3.1058,-0.0245
386,13.3398,-2.7835,-0.0235
387,13.0567,4.7956,-0.0227
388,13.4416,-3.4987,-0.0217
389,14.3742,2.9706,-0.025
390,15.5541,-5.6991,-0.0224
391,15.2481,0.3115,-0.0217
392,14.8207,-2.243,-0.0211
393,14.6226,1.7137,-0.0238
394,14.512,-1.2201,-0.0249
395,14.5951,3.0153,-0.0229
396,13.8905,-1.5514,-0.0231
397,13.5492,3.6033,-0.0273
398,13.9509,-2.5292,-0.0234
399,14.128,4.1443,-0.0233
400,14.8715,-1.0772,-0.0244
401,15.2763,-3.037,-0.0227
402,15.5234,0.6843,-0.0236
403,15.3878,-0.0712,-0.0202
404,15.6223,-2.524,-0.0241
405,15.2775,-0.0135,-0.0231
406,14.3296,2.0779,-0.0224
407,13.7192,-0.3075,-0.0257
408,13.5233,4.3444,-0.0216
409,13.6855,-0.8232,-0.0244
410,14.5042,2.6379,-0.0241
411,15.2288,0.2372,-0.0235
412,15.7801,0.124,-0.0254
413,16.0951,-0.993,-0.0213
414,15.9036,-3.7153,-0.0227
415,15.2238,-2.6226,-0.0247
416,14.7539,-0.0423,-0.024
417,14.7189,1.8056,-0.0236
418,14.6594,-1.8242,-0.0237
419,14.9034,5.5759,-0.0219
420,14.7314,-0.9967,-0.0222
421,14.5339,4.0445,-0.0218
422,14.8297,-1.6427,-0.0229
423,14.6798,-1.7991,-0.0248
424,14.3854,4.7752,-0.023
425,13.6474,-3.0343,-0.0252
426,14.2552,4.5922,-0.027
427,15.3823,-1.158,-0.0236
428,15.7735,-3.1811,-0.0241
429,15.8985,0.1101,-0.0253
430,15.2083,-2.3684,-0.0255
431,14.8805,-1.5315,-0.0272
432,14.963,3.061,-0.0258
433,14.9823,-1.256,-0.0252
434,15.4279,-0.4626,-0.0265
435,15.6088,5.0696,-0.0246
436,15.3343,-2.5258,-0.0243
437,15.2607,3.6589,-0.024
438,14.9048,-4.152,-0.0238
439,15.0209,2.6913,-0.0231
440,15.8297,-1.0399,-0.0218
441,16.0955,-0.1725,-0.0242
442,15.9295,-1.3378,-0.0236
443,15.888,0.4513,-0.0234
444,15.9884,-3.9179,-0.0229
445,16.4443,0.9205,-0.0245
446,16.3814,-2.4178,-0.0229
447,16.4234,-1.954,-0.0237
448,16.378,2.5452,-0.0256
449,15.9692,-0.8484,-0.0243
450,15.5542,2.5544,-0.0245
451,16.0281,-0.7949,-0.023
452,15.622,1.666,-0.0243
453,15.2215,0.9375,-0.0227
454,15.3995,-0.1135,-0.0255
455,15.6109,3.339,-0.025
456,16.1593,-1.9549,-0.0209
457,15.8352,-2.7548,-0.0237
458,16.0149,4.516,-0.0251
459,16.0808,-1.8105,-0.0251
460,16.095,3.777,-0.0233
461,16.1568,-1.1894,-0.0218
462,16.3907,1.1089,-0.0244
463,16.5058,-3.2601,-0.025
464,16.8314,-1.8995,-0.024
465,17.0367,0.4263,-0.0223
466,16.9146,-3.3899,-0.0233
467,16.3518,1.613,-0.0229
468,16.3499,-1.2079,-0.0231
469,16.4063,1.1716,-0.026
470,15.8661,0.2428,-0.0252
471,15.6362,-1.3136,-0.0223
472,15.8722,3.2008,-0.0224
473,16.6947,0.8875,-0.0246
474,17.0059,-1.8106,-0.0254
475,17.0143,0.8696,-0.0221
476,16.6153,-3.201,-0.0237
477,16.5071,1.0473,-0.023
478,16.9455,1.4499,-0.0262
479,16.8103,-1.1114,-0.0236
480,17.1846,1.9444,-0.0259
481,17.1463,-1.065,-0.0251
482,16.9167,-0.1918,-0.0236
483,16.6713,-0.0956,-0.0229
484,16.437,0.2774,-0.025
485,16.8284,-0.5919,-0.0249
486,16.9432,-0.0227,-0.0229
487,16.7774,-0.74,-0.0229
488,16.5269,-1.2738,-0.023
489,16.6036,0.1723,-0.0225
490,16.8094,-0.5922,-0.0246
491,16.9557,-0.7436,-0.0225
492,16.8465,3.643,-0.0257
493,16.3902,0.258,-0.0245
494,16.1414,4.1575,-0.0208
495,16.2562,-1.4784,-0.0223
496,16.275,3.6573,-0.0229
497,16.5052,1.1537,-0.0257
498,16.643,-3.6903,-0.0227
499,16.534,1.8319,-0.0245
500,16.8104,2.1488,-0.0238
501,17.1403,-3.317,-0.0252
502,17.0473,0.4809,-0.0233
503,16.8348,-3.31,-0.0272
504,16.7073,-1.7765,-0.0253
505,16.3931,-0.0625,-0.027
506,16.1938,2.6115,0.06
507,16.4032,-3.2205,-0.1893
508,16.5161,1.5212,-0.4348
509,16.8754,1.8755,-0.4471
510,16.8447,1.1764,-0.4516
511,17.2836,-2.1932,-0.4504
512,17.4811,0.3371,-0.4514
513,17.0807,0.8583,-0.4527
514,16.8946,-3.3067,-0.4517
515,17.0556,0.5771,-0.4527
516,16.8432,-3.3255,-0.4539
517,17.0365,0.0385,-0.4527
518,17.2984,-0.1167,-0.4493
519,16.9409,1.1724,-0.4524
520,16.899,2.2128,-0.4527
521,17.2893,0.678,-0.4505
522,17.4162,1.0929,-0.4487
523,17.0581,-4.294,-0.4484
524,17.1736,2.7464,-0.4492
525,17.216,-0.5212,-0.4482
526,16.9746,1.922,-0.4472
527,16.9091,3.2162,-0.4467
528,17.2355,-3.2355,-0.4468
529,17.003,0.638,-0.4505
530,16.6777,1.5841,-0.4497
531,16.5066,-1.2368,-0.4491
532,16.5074,2.4001,-0.4515
533,16.7301,-5.2801,-0.4523
534,16.7394,3.0418,-0.4489
535,17.0426,-3.7598,-0.4438
536,17.4009,4.3362,-0.4488
537,17.2775,-2.4821,-0.4497
538,16.8796,4.1083,-0.4484
539,16.8999,-3.0219,-0.449
540,17.0628,3.1026,-0.4492
541,17.496,4.3508,-0.4482
542,17.6563,-3.7786,-0.4504
543,17.3414,1.994,-0.4498
544,17.2256,-0.2451,-0.4508
545,17.4793,-6.1084,-0.4492
546,18.3458,-1.2502,-0.4479
547,18.0241,-0.3375,-0.4499
548,17.6813,-1.9188,-0.4489
549,18.254,1.2177,-0.4448
550,17.9246,-2.5732,-0.4469
551,17.6915,2.8383,-0.4485
552,18.2208,-1.1124,-0.4481
553,18.0651,2.793,-0.4523
554,18.0208,3.7783,-0.4503
555,17.7207,-1.8843,-0.451
556,17.9187,1.7428,-0.4524
557,18.0112,-3.1026,-0.4512
558,17.961,-2.5106,-0.4515
559,18.0592,1.4374,-0.4482
560,17.7636,-3.1537,-0.4501
561,17.8476,2.8884,-0.4459
562,17.8428,1.8239,-0.4491
563,17.5922,0.8845,-0.4467
564,17.486,-3.1921,-0.451
565,17.4479,-2.2826,-0.4486
566,17.8367,3.6053,-0.452
567,18.2207,-2.2693,-0.4501
568,17.9416,3.6004,-0.4544
569,17.5534,3.6333,-0.4528
570,17.5231,-1.6341,-0.4484
571,17.5569,1.8834,-0.45
572,18.0947,3.0701,-0.4488
573,18.4653,-4.4289,-0.4499
574,18.2793,-3.3647,-0.4523
575,17.9084,-1.1694,-0.4508
576,18.1502,3.9499,-0.4522
577,18.1325,-1.9529,-0.4522
578,17.9159,5.4408,-0.4495
579,17.6736,-2.0105,-0.447
580,17.4679,2.8949,-0.4484
581,17.4608,-3.3566,-0.4513
582,18.516,4.0813,-0.448
583,18.7398,-4.3943,-0.4479
584,18.1409,4.4411,-0.4486
585,17.8957,-4.1002,-0.4508
586,18.4152,3.9017,-0.4482
587,18.2646,-3.6984,-0.4524
588,18.8818,5.2484,-0.4497
589,19.0252,-4.2751,-0.4522
590,18.4552,4.881,-0.4511
591,18.1922,-3.836,-0.4474
592,17.9048,5.2001,-0.4524
593,17.7951,-4.1688,-0.447
594,17.7483,4.3091,-0.4478
595,18.2618,-3.4618,-0.4476
596,19.0213,4.5723,-0.4457
597,19.3804,0.8174,-0.4468
598,18.9629,-0.6525,-0.4455
599,18.3243,4.4504,-0.4446
600,18.3412,-6.5288,-0.4436
601,19.2152,3.8229,-0.4436
602,19.1359,-5.2088,-0.4478
603,18.7211,5.1037,-0.4466
604,18.3581,-1.4648,-0.4458
605,18.8383,1.0886,-0.4468
606,19.3384,-4.2622,-0.4491
607,19.2698,5.4112,-0.4453
608,19.0516,-5.0515,-0.448
609,18.9813,5.9536,-0.4421
610,19.68,-5.1287,-0.4466
611,19.5067,0.6676,-0.4448
612,19.3632,-5.6106,-0.4468
613,19.1376,1.3231,-0.4447
614,19.0227,2.171,-0.4454
615,18.9277,-3.8915,-0.4485
616,18.953,2.2264,-0.4453
617,19.5561,-1.798,-0.4474
618,19.6865,1.7693,-0.4476
619,19.5874,-2.0895,-0.4481
620,19.5161,2.5503,-0.4458
621,19.8191,-4.1896,-0.4471
622,19.5013,3.7623,-0.4444
623,19.3149,4.2008,-0.4466
624,19.5177,-4.0213,-0.4455
625,19.4159,-0.399,-0.4439
626,19.507,1.4999,-0.4469
627,19.1138,-2.0252,-0.4428
628,19.1289,2.4015,-0.4451
629,19.2897,0.8662,-0.4399
630,19.1393,-0.2788,-0.4446
631,19.2159,5.3454,-0.4416
632,20.0919,-6.411,-0.4464
633,20.1325,1.8093,-0.4426
634,19.6438,-3.1686,-0.4442
635,19.1612,-1.5016,-0.4441
636,19.7469,2.3217,-0.4461
637,20.4409,-2.3445,-0.4448
638,20.5069,-3.5226,-0.445
639,19.7838,2.566,-0.4435
640,19.2039,-0.5521,-0.4448
641,18.9629,5.8074,-0.4435
642,18.9131,-1.864,-0.4456
643,18.8589,4.3818,-0.4437
644,19.2939,-3.6882,-0.4468
645,19.7914,3.7411,-0.4446
646,20.2616,-3.3977,-0.4432
647,20.7966,1.8078,-0.4392
648,20.3208,-3.6826,-0.445
649,19.5469,3.7633,-0.4434
650,19.1979,-0.019,-0.4467
651,19.1273,3.2574,-0.4477
652,19.4767,1.8425,-0.4463
653,19.5934,-1.0953,-0.4436
654,19.7323,5.145,-0.4466
655,20.1066,-4.696,-0.4468
656,19.8978,3.7426,-0.4471
657,19.6516,-3.1004,-0.4464
658,20.2134,4.0245,-0.4485
659,20.0324,-3.6606,-0.4454
660,19.4819,4.4201,-0.4466
661,19.2152,-4.4437,-0.4493
662,19.0714,5.0813,-0.4488
663,19.2172,-2.9115,-0.4485
664,19.7015,4.1599,-0.4492
665,19.5934,5.712,-0.4477
666,19.3686,-6.2719,-0.4456
667,19.8732,6.1454,-0.4444
668,20.0502,-7.3637,-0.4463
669,19.8805,3.2649,-0.4493
670,20.1691,-5.1013,-0.4453
671,20.5458,1.1418,-0.4461
672,21.0637,1.5374,-0.4474
673,20.6204,-6.7369,-0.3224
674,20.8434,0.691,-0.0242
675,21.6245,-1.1988,-0.0235
676,21.0131,-2.7265,-0.0179
677,20.3904,-3.2543,-0.021
678,20.6024,-0.5618,-0.026
679,20.9903,1.1895,-0.0257
680,20.9963,1.293,-0.024
681,21.3488,-4.6269,-0.0249
682,21.0103,2.7666,-0.0227
683,20.2343,0.3697,-0.0239
684,19.9093,4.061,-0.0224
685,19.7859,3.6176,-0.0218
686,20.0922,-1.8486,-0.0236
687,21.3325,0.7068,-0.0219
688,20.8795,1.2721,-0.0215
689,20.0917,-3.4568,-0.0247
690,20.1563,2.1933,-0.0233
691,20.5207,-0.0365,-0.0234
692,20.1519,4.1369,-0.0237
693,20.4577,4.3976,-0.0227
694,20.5617,-3.0598,-0.0229
695,20.3079,-0.8214,-0.024
696,20.6124,-2.323,-0.0224
697,20.635,4.6146,-0.0242
698,20.7868,-2.2318,-0.0215
699,20.3766,-3.394,-0.0231
700,19.9292,5.1812,-0.0245
701,19.6944,3.191,-0.022
702,19.6112,-2.8005,-0.0218
703,19.6781,5.1365,-0.0218
704,19.5978,-5.2446,-0.0237
705,19.7115,7.4611,-0.0234
706,19.7265,-5.6193,-0.0229
707,19.539,6.2316,-0.0227
708,19.3664,-6.2624,-0.0244
709,19.468,5.5345,-0.024
710,20.1635,-4.6135,-0.0203
711,20.4945,4.0295,-0.0257
712,20.2967,-2.9968,-0.024
713,20.2865,3.1519,-0.0241
714,20.3102,-4.2892,-0.025
715,20.1591,3.1258,-0.0232
716,20.5118,2.4292,-0.0236
717,20.539,-8.6191,-0.0233
718,20.2099,1.5911,-0.0222
719,19.909,-3.1445,-0.025
720,19.6861,2.632,-0.0213
721,19.5903,3.4121,-0.0245
722,19.5588,-5.1413,-0.023
723,20.3772,3.383,-0.023
724,21.5504,0.8572,-0.0211
725,21.4452,-6.0813,-0.0196
726,20.7938,-3.1068,-0.0214
727,20.3404,2.7373,-0.0169
728,20.3413,-1.4852,-0.0205
729,20.3564,4.793,-0.0178
730,20.2797,-2.3258,-0.0234
731,20.0477,5.9047,-0.0224
732,19.8296,-3.9069,-0.0234
733,20.1016,5.1307,-0.0232
734,20.0362,-0.9237,-0.0219
735,19.8017,0.5935,-0.0219
736,19.6517,4.7617,-0.0205
737,19.7566,-6.1369,-0.0216
738,20.6967,4.1594,-0.0197
739,20.7151,-6.2238,-0.0219
740,20.8607,3.7131,-0.0194
741,21.3174,-4.6104,-0.0215
742,20.8987,3.0188,-0.0225
743,20.6898,-3.9498,-0.0219
744,20.3577,4.3704,-0.0228
745,20.4096,-2.973,-0.0213
746,20.5976,5.1995,-0.0217
747,20.3534,-1.2896,-0.0231
748,20.0954,2.3134,-0.0205
749,20.2889,5.315,-0.0228
750,21.1829,-7.3094,-0.0222
751,21.0266,3.6272,-0.0236
752,20.857,-4.7969,-0.0217
753,21.2908,0.8999,-0.0221
754,21.242,-1.6898,-0.0212
755,21.4788,-0.6196,-0.0226
756,21.8113,2.4351,-0.0227
757,21.5588,-4.4233,-0.0239
758,21.2259,4.98,-0.024
759,20.9567,0.5408,-0.022
760,21.2428,-0.7642,-0.0227
761,20.964,2.1518,-0.0223
762,20.7135,-3.7639,-0.0243
763,21.1554,0.5314,-0.0234
764,21.5611,0.6482,-0.0234
765,21.3785,-4.9884,-0.0225
766,20.9388,4.3654,-0.0219
767,20.6726,-3.5491,-0.0195
768,20.459,5.5514,-0.0226
769,20.3918,2.9237,-0.021
770,20.7813,-2.9292,-0.0228
771,20.7234,2.5098,-0.0206
772,20.4309,4.4688,-0.0218
773,20.218,-3.7816,-0.0218
774,20.2999,2.3318,-0.0205
775,20.7081,3.49,-0.0241
776,20.5193,-5.3444,-0.0214
777,20.2917,5.4918,-0.0189
778,20.2708,1.8191,-0.0217
779,20.7343,-2.5351,-0.0211
780,21.7063,2.1627,-0.0209
781,22.2313,-6.6997,-0.0223
782,22.5791,-0.6688,-0.0232
783,22.5801,0.817,-0.0223
784,22.2355,-4.5089,-0.0216
785,21.395,-3.5249,-0.0229
786,21.0792,4.4043,-0.0261
787,21.4237,3.9237,-0.0225
788,21.5035,-4.6456,-0.0261
789,21.306,3.7403,-0.0231
790,21.1875,3.8739,-0.0258
791,21.2039,-5.995,-0.0218
792,21.0199,1.4437,-0.0225
793,20.8016,1.031,-0.0222
794,20.9974,-3.0045,-0.0212
795,21.1016,3.0866,-0.022
796,20.817,0.168,-0.0223
797,20.5617,-3.3035,-0.0249
798,20.4157,7.9738,-0.0228
799,20.2822,-4.8249,-0.0208
800,20.2537,4.2969,-0.0248
801,20.6689,7.5488,-0.0221
802,21.4759,-6.6125,-0.0237
803,21.6826,6.9878,-0.0241
804,22.6813,-5.1417,-0.023
805,22.5244,-7.3722,-0.0213
806,22.2706,2.5934,-0.0231
807,21.9923,-4.7465,-0.0243
808,22.7804,1.8792,-0.0247
809,22.9478,-3.7424,-0.0206
810,22.5224,5.0445,-0.0212
811,23.1039,-4.5167,-0.0221
812,23.4039,1.6809,-0.0236
813,22.4516,-3.7443,-0.023
814,21.6469,4.1026,-0.0226
815,21.2639,-2.7774,-0.0263
816,20.9735,3.2168,-0.0244
817,20.7372,-1.9983,-0.0251
818,20.575,4.0134,-0.0255
819,21.3714,-0.6635,-0.0228
820,22.0242,2.6701,-0.025
821,21.5318,-4.157,-0.0252
822,21.0475,4.6074,-0.0245
823,20.7653,-2.9922,-0.0222
824,20.5957,5.5865,-0.0215
825,21.148,-4.7625,-0.0222
826,21.5926,5.7068,-0.0241
827,21.232,-4.2056,-0.0247
828,20.8931,6.6272,-0.0228
829,20.6711,-3.0814,-0.0251
830,20.5583,-4.2293,-0.0205
831,21.3456,3.7452,-0.024
832,22.2876,-2.1639,-0.0246
833,22.7084,3.1282,-0.0227
834,22.0076,6.6222,-0.0218
835,21.5591,-5.484,-0.0236
836,21.7987,2.3582,-0.0223
837,22.7787,-5.2148,-0.024
838,22.9549,3.88,-0.022
839,23.0267,5.5039,-0.024
840,22.8252,-8.0179,-0.0238
841,22.3897,-1.0413,-0.0267
842,21.8028,-4.051,-0.0236
843,21.4355,3.7031,-0.022
844,21.4916,-3.7016,-0.023
845,21.4671,3.3837,-0.0252
846,21.2417,3.5311,-0.0223
847,21.5566,1.3192,-0.0233
848,22.8801,-5.998,-0.0253
849,22.919,-6.1327,-0.0234
850,22.0721,0.1154,-0.0222
851,21.539,-1.5248,-0.0218
852,21.3471,4.842,-0.0243
853,21.6085,-1.1156,-0.0225
854,22.3652,7.5629,-0.0211
855,22.4522,3.1455,-0.0249
856,22.2985,-5.5962,-0.0243
857,22.674,-5.652,-0.0239
858,23.4237,0.4839,-0.022
859,23.6801,-2.8033,-0.0228
860,24.1542,-0.0625,-0.0253
861,24.1658,1.7796,-0.0241
862,23.5688,1.3758,-0.0254
863,23.2254,-2.1012,-0.0229
864,22.5788,2.4965,-0.0245
865,21.9641,0.5629,-0.0215
866,21.6252,-2.4896,-0.0233
867,22.125,4.7865,-0.024
868,22.6787,6.3386,-0.0227
869,22.8803,-3.8698,-0.0226
870,22.6102,-1.9017,-0.0211
871,22.1699,7.0025,-0.0234
872,22.8876,-3.2894,-0.0231
873,23.0254,-3.925,-0.0223
874,22.7037,6.107,-0.0233
875,22.2569,-2.7974,-0.0254
876,21.904,7.2994,-0.0231
877,22.1683,-4.7373,-0.0225
878,22.4075,3.9999,-0.0228
879,22.4627,-5.0305,-0.0233
880,22.5199,5.3573,-0.0222
881,22.6066,-4.5148,-0.0225
882,22.7367,4.5847,-0.0227
883,23.2356,-4.3216,-0.0224
884,23.3517,4.6168,-0.0201
885,22.8978,-5.0991,-0.0212
886,22.4799,3.9382,-0.0221
887,22.1914,-5.0018,-0.0219
888,22.2323,5.6324,-0.024
889,22.0157,-4.5544,-0.0205
890,22.1207,3.4379,-0.0244
891,22.2531,-5.4853,-0.025
892,22.2591,3.0768,-0.0245
893,22.2943,-2.5687,-0.0229
894,22.2278,2.7592,-0.0231
895,22.006,-4.7556,-0.0232
896,21.7586,6.4292,-0.0238
897,21.5701,-4.998,-0.0233
898,21.4322,4.7808,-0.0219
899,21.4632,-3.0998,-0.0227
900,21.4091,4.769,-0.0245
901,21.3916,-4.3475,-0.0254
902,21.6152,7.2952,-0.0237
903,21.9175,-4.8184,-0.0246
904,21.969,7.5948,-0.0243
905,22.9658,-5.9703,-0.0245
906,23.9391,3.7278,-0.0241
907,23.9351,-5.9385,-0.0228
908,23.1585,4.476,-0.0245
909,23.5039,-5.9273,-0.0231
910,24.4969,1.0042,-0.0218
911,25.3611,-6.8756,-0.0234
912,24.2625,-0.048,-0.0228
913,23.8764,-3.2591,-0.0234
914,24.3817,0.5998,-0.0216
915,23.6114,-1.6572,-0.0188
916,22.841,1.3813,-0.0235
917,22.1929,2.6832,-0.0221
918,21.8359,3.7218,-0.0222
919,22.1964,-0.2209,-0.0233
920,22.8653,2.5078,-0.0247
921,23.4164,-2.0958,-0.024
922,23.7939,-4.6898,-0.022
923,23.5621,3.3798,-0.0232
924,23.8295,-1.8343,-0.0248
925,24.355,-2.6501,-0.0253
926,24.032,4.2038,-0.0266
927,23.9102,-2.1025,-0.0258
928,23.6987,5.7843,-0.0239
929,23.625,2.2373,-0.0286
930,23.3365,1.3787,-0.0233
931,23.584,-1.5942,-0.0229
932,24.3023,-3.524,-0.025
933,24.234,0.479,-0.0245
934,24.3527,-4.8009,-0.0259
935,24.233,2.4388,-0.0214
936,24.3353,1.8347,-0.0244
937,23.5825,-1.7847,-0.0233
938,23.0098,1.3684,-0.0221
939,22.6795,2.303,-0.0226
940,22.631,-2.1405,-0.0225
941,23.1838,5.1305,-0.0251
942,22.9758,-3.8825,-0.0231
943,22.568,4.8468,-0.023
944,22.3179,-3.2038,-0.0233
945,22.1888,6.2394,-0.024
946,22.0784,6.5376,-0.0207
947,22.2634,-13.0526,-0.0242
948,22.8822,1.4386,-0.0229
949,23.4493,-5.2151,-0.0248
950,23.3928,0.2925,-0.0221
951,23.6267,-0.9804,-0.0217
952,24.6451,-5.2386,-0.0223
953,24.8058,-0.4677,-0.0201
954,24.6863,0.9422,-0.0202
955,24.1145,1.8368,-0.0204
956,23.5901,2.4806,-0.0193
957,23.8327,-1.1665,-0.0201
958,24.5409,1.8616,-0.0225
959,25.4292,-0.3702,-0.0238
960,24.4411,1.6807,-0.02
961,23.5848,-0.574,-0.0197
962,23.0191,2.6418,-0.0203
963,22.6652,-2.8244,-0.0213
964,22.4548,4.5889,-0.0215
965,22.2689,-2.3313,-0.022
966,22.1782,5.54,-0.0206
967,22.3072,-3.5197,-0.0196
968,22.3075,5.1777,-0.0217
969,22.1845,-1.4648,-0.0232
970,22.3116,1.8741,-0.0217
971,22.3337,0.5028,-0.0209
972,22.3304,6.1031,-0.0218
973,22.4227,-5.4681,-0.0223
974,23.6236,5.98,-0.0232
975,23.6372,-6.4467,-0.0233
976,23.6768,5.7035,-0.0231
977,23.475,-5.9966,-0.0255
978,23.0064,7.4405,-0.0231
979,23.724,-3.4685,-0.0244
980,23.9926,-4.6854,-0.0244
981,23.5478,5.1341,-0.0218
982,23.4878,3.1353,-0.0241
983,23.9604,-0.9573,-0.0272
984,24.7281,-8.5513,-0.0245
985,24.3453,-2.1403,-0.0229
986,23.4018,-2.9921,-0.0237
987,22.8916,-2.223,-0.0238
988,22.6744,4.7562,-0.0217
989,22.5925,-2.1856,-0.0241
990,22.5512,-2.9381,-0.0243
991,22.3708,3.7575,-0.0251
992,22.4549,5.3084,-0.0246
993,23.5652,-4.9365,-0.0227
994,24.5821,5.7395,-0.0229
995,24.3561,-4.0232,-0.0207
996,23.8166,0.7067,-0.0223
997,23.2321,0.7035,-0.023
998,23.4897,6.1263,-0.0252
999,23.7268,-4.5367,-0.0242
1000,23.1657,-4.1146,-0.0243
1001,22.8481,6.1404,-0.0228
1002,23.5102,-5.2176,-0.0247
1003,24.0299,4.7412,-0.0221
1004,23.4605,-0.8369,-0.0226
1005,23.0168,3.3517,-0.0269
1006,23.1335,3.3714,-0.0256
1007,24.8626,-5.4359,-0.0233
1008,24.7043,2.8078,-0.0232
1009,24.7281,1.4439,-0.0255
1010,24.9786,-7.1366,-0.0227
1011,24.7082,1.0212,-0.023
1012,24.9296,-4.875,-0.0254
1013,25.4212,-0.8262,-0.0259
1014,25.2622,0.0672,-0.0204
1015,24.1516,1.0703,-0.0235
1016,23.5685,4.8378,-0.022
1017,23.2148,2.7474,-0.0214
1018,23.0007,-2.5166,-0.0233
1019,23.827,3.8717,-0.0227
1020,24.1502,-4.8534,-0.0262
1021,23.8463,4.1717,-0.0238
1022,23.6779,-4.5186,-0.0214
1023,23.28,4.4338,-0.0232
1024,22.9467,-4.1008,-0.0222
1025,22.8046,4.5531,-0.0202
1026,22.8596,-3.8485,-0.0231
1027,22.8093,4.8963,-0.0223
1028,22.6163,-2.9093,-0.0226
1029,22.6405,6.2901,-0.0232
1030,22.8175,5.1608,-0.0233
1031,22.9063,-5.4042,-0.0223
1032,23.613,4.3274,-0.021
1033,23.4609,-6.0616,-0.0274
1034,22.9772,6.0656,-0.0226
1035,22.6532,-6.2535,-0.0245
1036,22.6101,4.8854,-0.0223
1037,22.7359,-6.2036,-0.0256
1038,22.6634,5.7621,-0.025
1039,22.4976,-5.042,-0.024
1040,22.3283,4.1475,-0.0224
1041,22.1672,-2.0872,-0.0223
1042,22.0957,0.5596,-0.0259
1043,22.689,2.1138,-0.0241
1044,23.1165,-4.4547,-0.023
1045,22.8338,2.9554,-0.0235
1046,22.473,3.9065,-0.0245
1047,22.2085,-4.0194,-0.0232
1048,22.1801,3.7697,-0.0236
1049,22.1643,-5.9741,-0.019
1050,22.5713,3.3795,-0.0262
1051,23.2229,0.9918,-0.021
1052,23.3435,-4.98,-0.0242
1053,23.4489,2.2438,-0.0241
1054,23.0708,2.2112,-0.0251
1055,22.9687,-2.3836,-0.0236
1056,22.6689,-3.0606,-0.0234
1057,22.291,5.9027,-0.0261
1058,22.3906,-4.026,-0.025
1059,22.7063,6.8545,-0.0247
1060,23.7291,-4.7643,-0.0268
1061,23.9653,5.0633,-0.0258
1062,23.4375,-5.0478,-0.0228
1063,23.4616,5.8754,-0.0232
1064,23.9844,-4.6094,-0.0236
1065,24.6719,5.4918,-0.0242
1066,23.9482,-4.7667,-0.024
1067,24.2615,4.9774,-0.0255
1068,24.9184,-2.4797,-0.027
1069,24.6423,6.1114,-0.0254
1070,24.7985,-5.8802,-0.0273
1071,24.4097,4.8964,-0.0253
1072,23.7225,-5.9102,-0.0252
1073,23.2949,7.0154,-0.0245
1074,23.3455,-4.9532,-0.0257
1075,23.2306,3.9847,-0.0277
1076,23.4118,-3.2862,-0.0263
1077,23.7696,6.8141,-0.0232
1078,23.904,-7.6746,-0.0226
1079,24.0202,6.0666,-0.0264
1080,23.9327,-5.5223,-0.0257
1081,24.034,6.1295,-0.0263
1082,23.7661,-4.5729,-0.0227
1083,23.8831,7.8856,-0.0251
1084,24.0733,-6.1993,-0.024
1085,24.2116,3.8105,-0.0246
1086,24.5361,-7.9007,-0.0256
1087,25.9158,2.6868,-0.0223
1088,25.9038,3.2518,-0.022
1089,25.6595,-2.9639,-0.0254
1090,26.1495,3.0722,-0.0228
1091,25.442,-6.0301,-0.0248
1092,25.5602,-2.0795,-0.0244
1093,26.0551,3.0695,-0.0217
1094,25.6034,-5.1089,-0.0248
1095,24.8907,3.3359,-0.0239
1096,24.671,5.1677,-0.0226
1097,25.4861,-5.7605,-0.025
1098,25.3378,3.6703,-0.0252
1099,24.7811,-4.6391,-0.0242
1100,24.3526,6.0924,-0.0261
1101,24.2416,1.6999,-0.0218
1102,25.9644,-5.3452,-0.0249
1103,26.3236,-0.1522,-0.0209
1104,25.3888,-1.9749,-0.0248
1105,24.7622,-6.9924,-0.0215
1106,24.6421,0.0621,-0.0277
1107,24.4625,3.6489,-0.0238
1108,25.3562,-2.8148,-0.0282
1109,25.5259,3.0696,-0.0258
1110,25.2805,2.8344,-0.023
1111,25.767,-0.1409,-0.028
1112,25.4016,-3.8959,-0.0265
1113,25.4382,5.978,-0.0231
1114,27.3555,-6.9332,-0.0274
1115,26.8911,2.1763,-0.0238
1116,25.7134,-4.2787,-0.0228
1117,24.9965,3.4477,-0.0249
1118,24.6407,-3.9442,-0.0221
1119,24.5106,5.7013,-0.0244
1120,25.0583,-4.3313,-0.0241
1121,26.3301,0.6783,-0.025
1122,25.6651,-0.1491,-0.0242
1123,24.8144,-2.1566,-0.0233
1124,24.2995,5.1952,-0.0247
1125,24.0546,-2.1125,-0.0223
1126,24.1326,4.7639,-0.0232
1127,24.2453,-2.4498,-0.0243
1128,25.5734,5.0441,-0.0208
1129,26.9142,1.313,-0.0242
1130,27.4261,-3.4288,-0.023
1131,28.0904,3.1053,-0.0212
1132,27.4474,-6.7387,-0.0241
1133,25.6727,2.3907,-0.0268
1134,24.7818,6.6793,-0.0249
1135,24.4815,-6.5237,-0.0239
1136,24.3343,-4.1966,-0.0208
1137,24.2155,4.6788,-0.024
1138,24.3225,-2.826,-0.0199
1139,25.0632,3.859,-0.0248
1140,25.0173,-1.4513,-0.0216
1141,24.5388,2.8474,-0.0229
1142,24.3029,3.3726,-0.0232
1143,24.5193,-3.0329,-0.0262
1144,24.7199,1.55,-0.0252
1145,24.9043,-2.1932,-0.0249
1146,25.1111,3.0274,-0.0211
1147,24.8954,-5.2627,-0.0245
1148,26.0113,4.8466,-0.0231
1149,26.0462,-4.2298,-0.0243
1150,25.204,5.3693,-0.0203
1151,24.9865,-3.7689,-0.0236
1152,24.9148,5.3011,-0.0219
1153,24.4544,-4.2496,-0.0219
1154,24.0778,6.79,-0.0215
1155,23.9442,-5.7193,-0.0241
1156,24.9833,6.909,-0.0274
1157,25.8316,-4.9477,-0.025
1158,25.4168,7.1331,-0.023
1159,25.2022,-3.8983,-0.0233
1160,25.5306,-4.9751,-0.0041
1161,25.1343,2.697,-0.2756
1162,25.0507,-2.0287,-0.4223
1163,25.5478,0.2064,-0.4301
1164,25.8917,-2.2063,-0.4273
1165,24.6408,5.1338,-0.4257
1166,23.6343,-2.1637,-0.427
1167,23.351,3.8564,-0.4255
1168,23.1891,-3.7508,-0.427
1169,24.1709,2.8295,-0.4287
1170,24.8723,-7.3318,-0.4284
1171,25.8898,3.0264,-0.4308
1172,26.8724,-2.8819,-0.431
1173,26.0826,-2.1107,-0.4278
1174,26.6012,1.2638,-0.4284
1175,26.3233,2.3584,-0.429
1176,24.9475,-4.3232,-0.4281
1177,24.0462,5.5489,-0.429
1178,23.5788,-3.6698,-0.4282
1179,23.3068,-0.7796,-0.4267
1180,23.419,2.049,-0.4311
1181,23.1654,2.0431,-0.431
1182,22.8704,-2.8959,-0.4317
1183,23.0606,2.0377,-0.4322
1184,23.5341,5.5123,-0.4315
1185,23.6965,-5.7518,-0.431
1186,23.2826,4.2871,-0.4316
1187,23.1112,4.2537,-0.4296
1188,23.9039,-6.7189,-0.4299
1189,24.1914,2.6465,-0.4296
1190,23.6657,4.1274,-0.4313
1191,23.543,1.9246,-0.4309
1192,23.2358,-4.1065,-0.4336
1193,23.6242,3.6136,-0.433
1194,23.8072,-6.4573,-0.4324
1195,24.1808,5.5835,-0.4322
1196,24.5021,-2.303,-0.4285
1197,23.9232,7.8148,-0.4325
1198,23.5836,-5.1311,-0.4279
1199,23.7979,6.0748,-0.4319
1200,24.5529,-7.8989,-0.4365
1201,23.9599,4.4998,-0.435
1202,23.6914,-6.1629,-0.4319
1203,24.4274,4.0201,-0.4305
1204,24.5698,-6.7338,-0.4322
1205,24.6665,2.6308,-0.4311
1206,24.8886,-4.8369,-0.4291
1207,24.2426,2.8569,-0.4322
1208,24.56,1.5923,-0.4305
1209,24.8824,-1.2252,-0.4296
1210,24.4881,1.6837,-0.4301
1211,23.8732,5.6248,-0.4282
1212,23.6293,-5.2094,-0.432
1213,23.3606,0.6036,-0.4317
1214,23.4385,3.0821,-0.4286
1215,23.8733,-3.7901,-0.4315
1216,25.7123,6.4683,-0.4306
1217,25.244,-6.0725,-0.4324
1218,24.1847,6.0232,-0.4319
1219,23.6848,-5.1318,-0.4327
1220,23.2191,6.2286,-0.4333
1221,22.889,-5.101,-0.4341
1222,22.5897,4.448,-0.4332
1223,22.339,-4.4688,-0.4328
1224,22.5117,4.1658,-0.4357
1225,23.4904,1.733,-0.4365
1226,23.8176,-6.8429,-0.4351
1227,24.4858,6.5025,-0.4364
1228,24.5354,-5.0147,-0.4383
1229,23.9692,-0.4076,-0.4373
1230,24.3643,0.9671,-0.4369
1231,24.4597,7.3693,-0.435
1232,25.0091,-5.3286,-0.433
1233,24.7637,3.8748,-0.4357
1234,24.1032,-4.5844,-0.4336
1235,23.5552,7.5545,-0.4341
1236,23.4688,-5.5821,-0.4333
1237,23.5871,-1.9973,-0.4351
1238,23.2177,2.9693,-0.4351
1239,22.8894,-1.2699,-0.4331
1240,23.0935,3.4787,-0.4334
1241,23.7759,4.3,-0.4334
1242,23.8005,-1.9448,-0.4331
1243,23.6023,-1.7568,-0.4364
1244,23.1251,-0.2505,-0.4343
1245,22.8616,6.3742,-0.4372
1246,22.7068,-6.3322,-0.4354
1247,23.0709,5.0745,-0.4372
1248,24.253,-8.1901,-0.4369
1249,23.9026,4.9315,-0.4356
1250,23.3981,1.4227,-0.4345
1251,23.4482,-0.6917,-0.4325
1252,23.4437,6.0426,-0.4348
1253,24.3886,-10.1866,-0.4371
1254,24.2738,2.116,-0.4357
1255,23.6199,-5.5134,-0.4353
1256,23.1617,5.8947,-0.4341
1257,22.9251,-5.7954,-0.4331
1258,23.0634,5.0001,-0.4339
1259,23.112,-4.0197,-0.4341
1260,23.5023,3.8494,-0.4347
1261,24.4448,4.6479,-0.4357
1262,24.2352,-7.1106,-0.4331
1263,23.6162,3.4164,-0.435
1264,23.8294,-7.1578,-0.435
1265,23.8303,4.2422,-0.4357
1266,23.3804,5.2763,-0.4344
1267,23.0479,-7.3824,-0.4356
1268,22.7497,3.039,-0.4317
1269,22.5891,8.0377,-0.435
1270,23.2106,-7.8237,-0.4298
1271,24.6072,2.0736,-0.4319
1272,25.4384,1.746,-0.4307
1273,25.1098,-3.4917,-0.4319
1274,23.9683,4.4367,-0.4308
1275,23.7039,-6.9993,-0.4311
1276,24.0029,7.2425,-0.4293
1277,24.8486,-4.723,-0.4305
1278,25.004,-4.7372,-0.4299
1279,25.4788,5.231,-0.4327
1280,24.5755,-2.9349,-0.4301
1281,23.8193,2.8522,-0.4301
1282,23.507,4.6381,-0.4294
1283,24.0502,-1.6208,-0.4287
1284,24.8139,5.6501,-0.4253
1285,24.3839,-7.6999,-0.4296
1286,24.2678,3.525,-0.4268
1287,23.8051,-5.7607,-0.4264
1288,23.2952,5.8377,-0.4287
1289,23.0447,-3.8295,-0.4317
1290,24.4441,-0.2491,-0.4285
1291,25.2307,2.6058,-0.4319
1292,24.6238,-3.2138,-0.4294
1293,24.2688,3.7474,-0.4311
1294,23.6533,-3.4405,-0.4301
1295,23.1661,1.75,-0.4312
1296,22.8348,3.4391,-0.4299
1297,23.1016,-5.3946,-0.4344
1298,23.9492,6.1784,-0.4275
1299,23.6865,-6.0565,-0.4302
1300,23.4851,4.7841,-0.4325
1301,23.3428,-4.2365,-0.4353
1302,23.1918,4.9035,-0.4364
1303,23.9944,5.4083,-0.4332
1304,25.5171,-4.0991,-0.4351
1305,24.829,-5.2093,-0.4309
1306,25.0077,5.0686,-0.4286
1307,25.5086,5.4974,-0.4321
1308,24.885,-11.0577,-0.4291
1309,24.129,-1.0674,-0.4299
1310,24.1337,2.5663,-0.43
1311,23.9021,-1.3516,-0.4323
1312,23.7806,-9.7771,-0.429
1313,23.4027,10.6362,-0.4257
1314,23.1219,-8.1623,-0.4302
1315,22.7743,5.541,-0.4313
1316,22.9619,-0.2533,-0.4279
1317,24.178,4.4375,-0.4255
1318,24.5537,-0.1647,-0.43
1319,25.2855,5.245,-0.4273
1320,25.5445,-3.6678,-0.4271
1321,25.2541,-1.09,-0.4284
1322,24.9397,3.2753,-0.4259
1323,24.7383,-3.3587,-0.4275
1324,24.7906,4.9213,-0.4297
1325,24.7376,4.592,-0.4301
1326,24.3279,-3.6383,-0.4316
1327,23.8899,5.2593,-0.4274
1328,23.7793,-6.5704,-0.4322
1329,23.6909,4.3828,-0.4283
1330,23.4318,-3.0833,-0.4308
1331,23.2346,2.4995,-0.4301
1332,23.3862,-6.7721,-0.4285
1333,23.5515,6.1121,-0.4287
1334,23.4301,-4.3742,-0.4296
1335,24.557,6.5574,-0.4286
1336,26.2947,-3.9331,-0.4321
1337,27.7599,3.9127,-0.4273
1338,27.0838,-6.6043,-0.4267
1339,25.7656,6.8296,-0.4283
1340,24.9053,0.0273,-0.4279
1341,25.1031,-0.6071,-0.4282
1342,25.914,-6.8553,-0.4272
1343,25.3428,3.4368,-0.43
1344,24.7568,4.1149,-0.426
1345,24.541,-2.7727,-0.4269
1346,24.3397,5.7426,-0.4271
1347,24.1173,-6.9029,-0.4286
1348,24.2719,6.7307,-0.427
1349,25.1491,-6.3284,-0.4265
1350,26.4419,0.2483,-0.4291
1351,27.3933,-5.7875,-0.4268
1352,27.8261,1.9276,-0.4249
1353,27.8649,-4.0505,-0.4246
1354,26.578,3.0278,-0.4293
1355,25.6028,1.1056,-0.4302
1356,25.3752,-3.3903,-0.428
1357,26.264,7.2475,-0.4281
1358,26.2585,-4.5221,-0.4263
1359,25.7824,-3.9121,-0.4266
1360,26.5277,6.4294,-0.4262
1361,27.9784,-5.0229,-0.4286
1362,27.2226,5.6221,-0.4243
1363,26.0926,-2.8213,-0.4247
1364,25.4955,3.4193,-0.4244
1365,25.4738,2.7531,-0.4257
1366,27.308,-8.7307,-0.4211
1367,28.3416,1.58,-0.4248
1368,28.2845,-0.5438,-0.4255
1369,27.0412,-0.4085,-0.4249
1370,26.254,-1.9431,-0.4255
1371,26.9254,2.3059,-0.423
1372,27.3063,-2.6056,-0.4259
1373,27.0775,4.8386,-0.4226
1374,26.8539,-4.8412,-0.4247
1375,26.7243,4.2796,-0.4203
1376,26.0947,1.9838,-0.4196
1377,25.6099,-0.8881,-0.4214
1378,25.2485,2.4576,-0.4233
1379,25.4393,4.2943,-0.4213
1380,26.4396,-6.2301,-0.4243
1381,27.2457,5.4221,-0.4254
1382,26.7669,-6.4916,-0.4222
1383,26.2137,8.2943,-0.4222
1384,25.7532,-7.1917,-0.4231
1385,25.4507,8.1459,-0.4226
1386,26.096,-7.4613,-0.4214
1387,26.7755,7.9625,-0.4228
1388,26.1819,-6.4481,-0.4189
1389,26.5775,5.2242,-0.4209
1390,28.5023,3.6666,-0.4219
1391,28.5477,-10.1881,-0.4249
1392,27.4973,2.7442,-0.4213
1393,26.5585,-5.1144,-0.4227
1394,26.2597,5.0825,-0.4225
1395,27.642,-5.5447,-0.4213
1396,27.7397,4.5746,-0.4218
1397,26.9045,-4.9664,-0.4222
1398,26.5673,5.9578,-0.4224
1399,26.3311,-4.8762,-0.4203
1400,25.9411,4.1694,-0.4203
1401,26.1634,-0.2003,-0.4223
1402,26.7072,1.4367,-0.424
1403,27.302,-2.2529,-0.4223
1404,27.1441,2.9755,-0.4231
1405,28.2048,1.6913,-0.4234
1406,28.4105,-7.3499,-0.426
1407,28.0356,2.8752,-0.4241
1408,29.4486,-4.2181,-0.4203
1409,30.9865,0.8681,-0.4213
1410,30.0227,-2.0638,-0.4235
1411,28.0609,-1.3645,-0.4221
1412,27.0242,2.9373,-0.4225
1413,26.6206,-1.8636,-0.4207
1414,26.2408,2.2953,-0.4253
1415,25.8541,-4.297,-0.4246
1416,25.5181,4.2746,-0.4248
1417,25.2818,3.8874,-0.4254
1418,25.0712,-5.4006,-0.4262
1419,25.076,3.6688,-0.423
1420,25.2388,-4.5786,-0.4231
1421,25.1437,3.9797,-0.4264
1422,24.9562,3.0499,-0.4265
1423,25.9385,-1.0197,-0.426
1424,26.6613,5.8079,-0.4248
1425,26.1072,-5.726,-0.4248
1426,26.7879,6.191,-0.4285
1427,27.4535,-3.4142,-0.4263
1428,27.2892,-4.5606,-0.4263
1429,26.4903,1.5875,-0.4261
1430,25.8995,-3.3805,-0.4258
1431,25.5096,3.1209,-0.4266
1432,25.3046,-3.4118,-0.4241
1433,25.99,4.9861,-0.4279
1434,26.2424,-3.6177,-0.4248
1435,25.7518,4.7293,-0.424
1436,25.6936,1.0161,-0.4269
1437,26.4545,6.6097,-0.4269
1438,26.0694,-2.5726,-0.4239
1439,26.3811,-18.1693,-0.4255
1440,25.7532,11.8203,-0.4259
1441,25.0362,-1.0143,-0.4255
1442,25.9202,0.7136,-0.4279
1443,27.3963,-0.9222,-0.425
1444,27.8314,-4.8616,-0.4247
1445,26.7333,-0.1353,-0.4244
1446,26.3659,2.5671,-0.4227
1447,27.5025,-0.2323,-0.426
1448,27.8596,2.1169,-0.427
1449,27.1134,2.9146,-0.4298
1450,26.2136,4.0403,-0.4254
1451,25.6031,-2.7199,-0.4261
1452,25.178,2.0827,-0.4252
1453,24.8684,3.1135,-0.4265
1454,24.7588,-5.2573,-0.4245
1455,24.9965,3.2675,-0.4254
1456,25.3156,4.9981,-0.4269
1457,25.5291,-4.8294,-0.4237
1458,25.2635,2.0005,-0.4256
1459,26.443,2.8097,-0.4269
1460,27.0607,-4.2193,-0.4256
1461,26.5845,3.5063,-0.4232
1462,26.0541,-2.6918,-0.4225
1463,25.5763,2.6304,-0.4208
1464,25.7366,-5.5924,-0.4213
1465,25.9001,4.786,-0.4232
1466,25.5158,1.7966,-0.4237
1467,25.5209,-5.4352,-0.4227
1468,27.2646,2.5488,-0.4236
1469,27.2389,-0.8577,-0.424
1470,28.0686,0.5083,-0.4234
1471,28.6101,-4.8381,-0.4192
1472,27.2647,5.6621,-0.421
1473,26.3102,-3.8861,-0.4215
1474,25.952,6.2173,-0.422
1475,25.774,-4.2841,-0.4202
1476,26.1495,6.8109,-0.4211
1477,26.0141,-4.9882,-0.4201
1478,25.5343,6.7297,-0.4223
1479,25.1805,-3.933,-0.4201
1480,25.7231,-5.6835,-0.4204
1481,26.9383,5.2953,-0.417
1482,27.2805,-4.3714,-0.4166
1483,28.1276,6.9831,-0.4195
1484,27.4975,-5.5955,-0.419
1485,27.2834,7.0085,-0.4215
1486,29.0927,-7.3248,-0.4205
1487,29.1107,-0.6011,-0.4224
1488,28.4045,-6.5874,-0.4206
1489,27.7735,2.1065,-0.4213
1490,29.0206,-5.5233,-0.4225
1491,30.0157,-0.5009,-0.4229
1492,31.0009,-2.6283,-0.419
1493,30.7187,1.6307,-0.4275
1494,30.5452,0.0882,-0.4262
1495,30.4398,-5.2344,-0.425
1496,30.6097,0.4526,-0.4261
1497,30.9551,1.5914,-0.4229
1498,30.2367,1.1344,-0.4247
1499,29.312,-1.6633,-0.4251
1500,28.3597,-2.3609,-0.4251
1501,27.7978,0.0886,-0.4249
1502,27.5867,5.3097,-0.4266
1503,27.6072,0.5133,-0.4264
1504,27.7025,0.7939,-0.4277
1505,27.8392,0.0916,-0.4276
1506,27.949,3.2557,-0.4277
1507,28.5804,-4.2745,-0.4256
1508,28.854,0.6961,-0.4252
1509,27.8212,-3.1685,-0.4229
1510,27.4212,1.667,-0.4251
1511,27.3898,-0.8079,-0.4238
1512,26.88,4.062,-0.4234
1513,26.4216,-0.6386,-0.4263
1514,26.0618,-17.6195,-0.4243
1515,25.5776,6.0478,-0.4217
1516,25.6705,12.5485,-0.4243
1517,25.5419,20.9806,-0.4248
1518,24.9856,-13.372,-0.4263
1519,25.8086,-0.5905,-0.349
1520,26.8615,-3.3559,-0.3685
1521,26.2071,0.2091,-0.4539
1522,25.5805,-1.1501,-0.4949
1523,25.3961,0.5025,-0.4906
1524,25.5428,-4.4474,-0.4934
1525,25.5045,4.5791,-0.4944
1526,26.1283,-4.033,-0.4955
1527,25.9652,5.0525,-0.4966
1528,25.5754,-3.4425,-0.4929
1529,25.1897,2.9326,-0.4925
1530,25.2187,3.3852,-0.4911
1531,26.5234,-2.8544,-0.4928
1532,26.3096,-3.7809,-0.4912
1533,25.8138,-0.3392,-0.4912
1534,26.3497,0.9326,-0.4937
1535,26.1107,9.721,-0.4943
1536,26.1813,-1.4064,-0.4926
1537,25.999,-3.1131,-0.4938
1538,26.3109,-0.4099,-0.4948
1539,26.3499,-6.7654,-0.4923
1540,25.7121,1.712,-0.4904
1541,25.573,-3.8291,-0.4911
1542,25.787,4.408,-0.4895
1543,25.5517,6.5384,-0.4913
1544,25.6513,-4.9205,-0.4932
1545,25.7107,3.5085,-0.4894
1546,26.9527,5.3864,-0.4925
1547,27.2101,-9.4297,-0.4908
1548,26.9891,1.3055,-0.4901
1549,28.4838,-2.1264,-0.4883
1550,28.2044,-3.7484,-0.49
1551,26.9339,0.8639,-0.4897
1552,26.4307,3.4031,-0.4909
1553,25.9792,-2.9124,-0.4933
1554,25.9193,-0.7695,-0.4929
1555,26.3397,4.3679,-0.4929
1556,27.2747,-6.2765,-0.4913
1557,26.8013,3.6934,-0.492
1558,26.735,-1.3226,-0.4924
1559,27.4787,2.9398,-0.4948
1560,27.2828,-1.3792,-0.4936
1561,28.9387,-2.3312,-0.4912
1562,28.6287,1.3284,-0.4867
1563,27.0302,3.3225,-0.4905
1564,26.1457,-3.9384,-0.4901
1565,25.5944,5.6794,-0.4926
1566,25.3275,-4.8276,-0.4909
1567,25.3815,6.3386,-0.4927
1568,26.1592,-6.9901,-0.4929
1569,26.1916,5.933,-0.4903
1570,26.1848,-6.7056,-0.4915
1571,26.5065,1.0808,-0.4936
1572,25.4213,-8.5239,-0.4896
1573,24.211,3.4122,-0.4915
1574,23.3419,7.7782,-0.4902
1575,23.7999,-2.8855,-0.4906
1576,23.9933,3.952,-0.4922
1577,23.9214,-6.9814,-0.4883
1578,24.4087,-0.3762,-0.4918
1579,24.5684,6.857,-0.492
1580,24.1164,7.824,-0.4908
1581,26.2334,-9.6012,-0.4918
1582,25.8224,-2.5285,-0.4853
1583,25.0275,-0.5724,-0.4836
1584,25.6072,-4.8985,-0.4875
1585,24.8907,3.8385,-0.4851
1586,24.0581,-5.1981,-0.4869
1587,24.4265,5.5645,-0.4889
1588,25.475,3.5333,-0.4873
1589,25.199,-6.671,-0.4875
1590,25.3948,3.057,-0.4864
1591,25.3364,-6.7736,-0.4886
1592,25.656,2.5591,-0.4929
1593,25.2376,-4.7743,-0.4874
1594,24.4966,-3.4744,-0.4867
1595,24.9053,5.1679,-0.4872
1596,25.713,-2.6769,-0.4838
1597,25.162,4.2529,-0.4859
1598,26.0715,1.7411,-0.4884
1599,25.9497,-6.3829,-0.4845
1600,24.9706,2.2795,-0.4846
1601,24.3273,3.5638,-0.4877
1602,24.0129,-1.2407,-0.4822
1603,24.0042,-4.0632,-0.485
1604,24.0848,6.4056,-0.4831
1605,24.956,-4.6635,-0.4857
1606,24.6946,3.1964,-0.4879
1607,24.1099,-4.7255,-0.4901
1608,23.8654,2.9132,-0.488
1609,23.5401,4.4017,-0.4851
1610,23.2167,-2.6019,-0.4892
1611,23.2922,4.5207,-0.4873
1612,24.2234,-2.5488,-0.4844
1613,24.5139,-4.9548,-0.485
1614,23.9546,3.6135,-0.4868
1615,23.4845,5.3915,-0.4843
1616,23.242,-4.9736,-0.4843
1617,23.1521,-2.5075,-0.4859
1618,23.5426,1.9154,-0.4859
1619,23.7671,-6.9445,-0.4859
1620,23.323,6.9411,-0.4898
1621,22.6503,-5.4776,-0.4894
1622,22.4651,7.4001,-0.4911
1623,22.3996,13.2713,-0.4878
1624,22.4151,-15.7463,-0.4901
1625,23.2921,4.0945,-0.4914
1626,23.3097,-7.1639,-0.489
1627,22.9325,-0.5018,-0.49
1628,22.5809,-5.6154,-0.4882
1629,22.3928,4.073,-0.4898
1630,22.8348,-4.8175,-0.4889
1631,23.7658,4.5768,-0.4895
1632,23.4407,5.0778,-0.4874
1633,22.9586,-4.7577,-0.4896
1634,23.2456,5.3535,-0.4878
1635,24.2452,-6.6189,-0.4863
1636,24.0974,3.8631,-0.4848
1637,23.8431,-7.2534,-0.4877
1638,23.3562,4.4353,-0.4857
1639,23.0237,-3.5867,-0.4878
1640,22.9162,4.1149,-0.4862
1641,23.4554,-6.5505,-0.4868
1642,25.1841,1.5002,-0.488
1643,26.1878,-5.989,-0.4869
1644,25.547,0.7412,-0.4869
1645,24.8456,-0.3846,-0.4857
1646,24.3278,-2.5394,-0.4866
1647,23.8083,5.7796,-0.4859
1648,23.4249,-3.1562,-0.4844
1649,23.0024,5.1439,-0.4844
1650,22.6197,-4.6433,-0.4876
1651,22.2937,6.2917,-0.485
1652,22.0423,-3.8549,-0.4843
1653,21.8825,5.7439,-0.4846
1654,21.9125,-5.1018,-0.4884
1655,21.8369,5.5631,-0.4879
1656,22.0126,-4.5415,-0.4872
1657,22.3172,6.2586,-0.4852
1658,22.2111,-5.186,-0.4877
1659,21.9788,13.2128,-0.486
1660,21.9888,-10.1382,-0.4865
1661,22.3914,4.9594,-0.4873
1662,23.1948,-8.617,-0.4842
1663,23.1878,4.4541,-0.4864
1664,22.693,7.4687,-0.4855
1665,22.4906,-6.6983,-0.4852
1666,22.3423,5.8922,-0.4827
1667,22.0123,-7.5668,-0.4869
1668,21.7139,6.1237,-0.4819
1669,21.8188,-8.7197,-0.4839
1670,23.1594,7.3075,-0.4869
1671,23.6089,-7.3821,-0.4858
1672,24.9782,4.6608,-0.4862
1673,25.9108,-9.1797,-0.4861
1674,25.6639,1.6589,-0.4831
1675,25.8833,-5.3498,-0.4821
1676,25.5038,-1.193,-0.4847
1677,25.144,3.9528,-0.486
1678,27.0634,-5.3198,-0.4853
1679,27.6677,0.2069,-0.4893
1680,26.5162,-3.4092,-0.4871
1681,25.2885,3.275,-0.486
1682,24.5382,-0.5593,-0.4863
1683,25.3848,1.7171,-0.4879
1684,26.2207,-4.0956,-0.4876
1685,27.2001,0.1399,-0.4883
1686,28.3301,-0.0936,-0.4855
1687,28.1147,-0.3878,-0.4896
1688,27.7107,-2.5042,-0.4868
1689,28.4871,0.3004,-0.4845
1690,27.4839,0.0574,-0.4834
1691,27.9477,1.2668,-0.4831
1692,28.9108,-3.46,-0.4844
1693,27.7602,0.6515,-0.4836
1694,27.0766,1.1801,-0.4842
1695,28.4114,0.7433,-0.4833
1696,28.5575,-2.3244,-0.485
1697,29.0952,0.4927,-0.4854
1698,28.2615,-2.9662,-0.484
1699,26.7493,-0.283,-0.4862
1700,27.6575,2.4421,-0.4844
1701,28.4307,2.272,-0.4816
1702,27.3748,2.3903,-0.4824
1703,26.9332,-3.451,-0.4835
1704,26.6463,0.5686,-0.4798
1705,26.0464,-2.2617,-0.484
1706,26.3037,4.7728,-0.4798
1707,26.5779,0.443,-0.4799
1708,27.7524,-0.6321,-0.4817
1709,27.1541,0.2424,-0.481
1710,27.471,-0.114,-0.4844
1711,28.5066,24.5565,-0.4842
1712,27.3353,-35.4183,-0.4803
1713,27.6284,0.4615,-0.482
1714,28.264,1.7099,-0.4826
1715,27.2901,-0.7989,-0.4834
1716,26.3673,2.758,-0.4836
1717,26.4483,-1.4814,-0.4843
1718,26.6171,0.4244,-0.4849
1719,26.0552,-2.1158,-0.4826
1720,26.639,1.1679,-0.4845
1721,27.5291,-1.6141,-0.4834
1722,27.7526,1.6579,-0.4868
1723,26.8048,-0.8678,-0.4861
1724,25.8245,2.2303,-0.4891
1725,25.2233,-3.0273,-0.4885
1726,24.7648,1.7093,-0.4872
1727,24.396,2.9955,-0.489
1728,24.831,-2.2344,-0.4838
1729,25.8617,1.7757,-0.4837
1730,25.5811,-0.8155,-0.4832
1731,24.9009,-0.6003,-0.4835
1732,24.4327,1.823,-0.484
1733,24.2288,-2.5446,-0.4823
1734,24.0534,4.0836,-0.4843
1735,23.9329,3.6759,-0.4871
1736,24.3571,-4.7256,-0.4879
1737,24.2191,3.4351,-0.3978
1738,24.5504,-4.3228,-0.0204
1739,25.3451,1.745,-0.024
1740,25.1138,0.4781,-0.0262
1741,25.3672,-6.0504,-0.027
1742,26.4199,0.683,-0.0235
1743,26.2616,-3.3464,-0.0242
1744,26.2332,1.4,-0.0245
1745,25.3885,-3.3662,-0.0241
1746,24.6474,1.6469,-0.0243
1747,24.2315,-1.5928,-0.0227
1748,24.2056,1.9718,-0.0255
1749,24.6383,3.0151,-0.0247
1750,24.7901,-1.3247,-0.0247
1751,24.6466,5.7402,-0.0239
1752,24.2051,-5.2384,-0.0239
1753,23.8986,1.2576,-0.0246
1754,24.9002,-3.819,-0.0236
1755,25.3329,4.2433,-0.0218
1756,24.7313,-2.8001,-0.0248
1757,25.139,5.5329,-0.0259
1758,26.4381,-5.2116,-0.0227
1759,26.4163,1.8033,-0.0243
1760,25.5105,-4.5314,-0.0231
1761,24.8905,3.8929,-0.0237
1762,24.5232,-1.8867,-0.0226
1763,24.2134,2.7222,-0.0229
1764,24.4115,0.8187,-0.0231
1765,25.538,0.4909,-0.113
1766,25.3141,-2.6394,-0.5195
1767,24.6573,3.8221,-0.4865
1768,24.2504,-5.1721,-0.4869
1769,24.7309,4.6401,-0.4851
1770,25.5187,-4.7332,-0.4899
1771,25.0929,2.1366,-0.4846
1772,24.5783,-4.8749,-0.4866
1773,24.1193,4.2927,-0.4886
1774,23.7355,4.9239,-0.4865
1775,23.6062,-5.6481,-0.4869
1776,24.0301,2.8445,-0.4876
1777,24.7062,-4.4542,-0.4888
1778,25.3153,6.3139,-0.4901
1779,25.4805,-4.1401,-0.4845
1780,25.7637,-4.2135,-0.4867
1781,26.6989,4.488,-0.4867
1782,27.285,-4.1635,-0.4864
1783,25.9941,5.7803,-0.4871
1784,25.1425,-1.4864,-0.488
1785,24.8454,-3.1371,-0.4861
1786,24.6975,6.4882,-0.4879
1787,24.6634,-3.5264,-0.486
1788,24.3466,-0.0302,-0.4836
1789,24.3387,2.7415,-0.4862
1790,25.0227,-3.6985,-0.4872
1791,25.2274,7.347,-0.4841
1792,24.8209,-3.9126,-0.4854
1793,24.5408,-1.955,-0.4853
1794,24.7551,2.3576,-0.485
1795,24.884,-4.0768,-0.4853
1796,25.2108,7.0195,-0.4877
1797,25.9062,-4.7893,-0.4854
1798,25.7059,5.2355,-0.4839
1799,24.9388,-3.9618,-0.488
1800,24.3963,5.3779,-0.4853
1801,24.0154,-5.2875,-0.4852
1802,23.8122,2.145,-0.4867
1803,23.7951,-3.5568,-0.487
1804,25.0514,1.4782,-0.486
1805,26.0472,2.64,-0.4828
1806,26.6489,-6.0893,-0.4854
1807,26.2606,-5.0432,-0.4837
1808,25.87,4.0336,-0.4886
1809,25.6465,-3.4699,-0.4857
1810,26.0019,0.9041,-0.4849
1811,25.8062,-2.0005,-0.4863
1812,25.2814,0.0665,-0.481
1813,24.7993,1.511,-0.4855
1814,24.7361,3.713,-0.48
1815,25.7723,-1.1924,-0.488
1816,25.6024,3.3254,-0.5812
1817,25.0543,-4.8985,-0.5366
1818,25.0216,3.7152,-0.5078
1819,25.0397,-0.6079,-0.4994
1820,24.6446,0.32,-0.5045
1821,24.3504,1.2415,-0.5047
1822,24.8744,-0.5729,-0.5056
1823,24.996,-5.0192,-0.5039
1824,25.1043,2.4732,-0.5064
1825,24.7888,4.5014,-0.5047
1826,24.5069,-2.8209,-0.5063
1827,24.9119,-4.2178,-0.5074
1828,25.046,-0.8964,-0.5047
1829,24.9059,-3.1528,-0.5073
1830,24.7152,0.1413,-0.5085
1831,24.3681,-0.5326,-0.5042
1832,24.1545,3.9088,-0.5029
1833,24.2309,3.9615,-0.5048
1834,25.0205,-2.0524,-0.5075
1835,26.8987,1.732,-0.5056
1836,26.881,2.2893,-0.5068
1837,28.2453,-3.8401,-0.5056
1838,28.3683,1.0591,-0.5062
1839,28.487,-2.6951,-0.5077
1840,27.894,3.2557,-0.5057
1841,27.8717,0.0585,-0.5079
1842,27.7294,-2.1535,-0.5054
1843,26.7002,5.879,-0.5062
1844,26.4658,-2.1028,-0.5093
1845,26.7609,6.4108,-0.5077
1846,26.5787,-7.8583,-0.5073
1847,28.2701,2.1665,-0.5091
1848,27.9668,-2.6983,-0.506
1849,26.7695,5.6954,-0.5084
1850,26.01,-5.2443,-0.5088
1851,25.447,7.48,-0.5097
1852,25.0885,2.0974,-0.5094
1853,25.027,-1.0249,-0.5106
1854,24.7645,-3.735,-0.5085
1855,24.4675,5.603,-0.5144
1856,24.8817,-5.035,-0.5092
1857,26.0352,5.9981,-0.5095
1858,26.3161,-6.3188,-0.5092
1859,26.3142,4.1102,-0.5103
1860,26.3562,6.2844,-0.5098
1861,26.6945,-7.5346,-0.5114
1862,26.5176,6.9186,-0.51
1863,26.2438,-5.5517,-0.5108
1864,26.1926,-1.187,-0.5102
1865,26.5202,-1.886,-0.5118
1866,26.4674,3.679,-0.5074
1867,26.4733,-5.6255,-0.5064
1868,27.5167,1.609,-0.5099
1869,27.2181,-6.991,-0.5098
1870,26.632,0.2804,-0.5108
1871,25.9788,-3.265,-0.5109
1872,25.9922,3.7632,-0.5109
1873,26.9927,-2.9213,-0.5086
1874,27.0279,4.2719,-0.5096
1875,28.7356,-3.9455,-0.5101
1876,28.4972,3.3912,-0.5074
1877,28.4404,-2.5321,-0.5118
1878,29.12,3.301,-0.5111
1879,28.813,-3.1335,-0.5101
1880,27.9006,-0.7911,-0.5078
1881,27.18,3.763,-0.51
1882,27.4811,-2.2278,-0.5099
1883,28.7266,2.6632,-0.508
1884,29.1176,-3.7818,-0.5098
1885,28.5088,3.4178,-0.5085
1886,27.7239,-2.5922,-0.5054
1887,28.0086,1.3609,-0.5098
1888,28.3532,-1.8171,-0.5072
1889,27.5787,-1.8895,-0.5086
1890,26.8295,6.1586,-0.5067
1891,26.4127,-1.0836,-0.5076
1892,26.4981,2.66,-0.5109
1893,28.0263,-0.3711,-0.5087
1894,28.7126,-3.6488,-0.5103
1895,28.7326,3.7388,-0.5091
1896,28.7971,-3.0447,-0.5095
1897,27.6378,4.5554,-0.5096
1898,26.8248,-1.9272,-0.5086
1899,26.2965,3.0695,-0.5105
1900,25.9063,4.9334,-0.511
1901,25.5881,-3.5428,-0.5089
1902,25.3061,5.2374,-0.5091
1903,25.0807,-6.0038,-0.5065
1904,24.9218,5.9861,-0.508
1905,24.7621,-6.9525,-0.5087
1906,24.5684,3.5584,-0.5097
1907,24.4857,2.4518,-0.5093
1908,24.3336,-3.2907,-0.51
1909,24.1806,4.0213,-0.5056
1910,24.8357,4.9586,-0.5085
1911,26.2138,-8.4302,-0.5101
1912,27.0102,4.582,-0.5107
1913,26.7591,-6.5825,-0.5093
1914,26.2441,4.588,-0.5098
1915,25.6575,-5.91,-0.5092
1916,26.1171,4.0549,-0.5091
1917,27.3091,-1.4945,-0.5055
1918,26.8921,-0.6078,-0.5078
1919,27.2278,-5.3577,-0.508
1920,28.9512,1.0572,-0.5104
1921,29.4886,-4.4978,-0.5111
1922,28.7181,1.4913,-0.5091
1923,27.8478,1.5663,-0.5072
1924,27.0005,-2.2836,-0.5131
1925,26.4693,3.2251,-0.5334
1926,26.5438,1.7972,-0.5278
1927,26.8867,-3.8608,-0.5247
1928,27.4886,3.3291,-0.5279
1929,28.4964,-2.7294,-0.5253
1930,28.1676,3.587,-0.5273
1931,28.0251,-1.2763,-0.5269
1932,28.7182,-3.1232,-0.5258
1933,29.4708,-0.5549,-0.524
1934,29.7293,-3.3989,-0.5251
1935,29.4402,0.5946,-0.5254
1936,29.6094,-2.4156,-0.5295
1937,28.58,3.4548,-0.5277
1938,28.9134,-0.9828,-0.5288
1939,30.1217,3.1708,-0.5253
1940,28.8495,-2.6201,-0.5255
1941,28.0426,3.738,-0.5227
1942,27.5535,4.298,-0.5249
1943,27.4314,-3.0362,-0.5272
1944,28.1312,-3.1173,-0.525
1945,27.8297,6.6717,-0.5275
1946,27.1968,-3.8691,-0.5233
1947,27.7254,-3.6791,-0.5282
1948,29.3718,3.898,-0.5275
1949,28.7927,-3.8937,-0.5285
1950,28.4971,2.4283,-0.5255
1951,27.9512,1.9313,-0.5243
1952,27.2197,0.5805,-0.5243
1953,26.7518,-2.3291,-0.5261
1954,26.7495,5.4832,-0.5249
1955,26.9621,-2.5291,-0.5265
1956,28.9854,3.6255,-0.5263
1957,29.2475,-3.5093,-0.526
1958,28.137,-2.2873,-0.5263
1959,27.312,2.7525,-0.5245
1960,26.9268,-2.6641,-0.5286
1961,27.9272,6.4186,-0.5257
1962,28.9852,-4.1109,-0.5252
1963,29.0188,3.0183,-0.5229
1964,28.0053,-4.2658,-0.5246
1965,27.4383,4.9783,-0.525
1966,27.0949,-3.9884,-0.5261
1967,26.6156,3.9826,-0.5247
1968,26.2703,-3.9888,-0.5281
1969,25.9364,4.3366,-0.5303
1970,25.6711,-3.3429,-0.533
1971,26.7997,4.1218,-0.5289
1972,27.9294,4.4195,-0.531
1973,27.754,-6.1422,-0.5279
1974,27.5175,2.8332,-0.5304
1975,27.2762,-4.5061,-0.5315
1976,28.0087,2.35,-0.527
1977,28.4215,-6.2862,-0.5264
1978,27.5619,2.9532,-0.5251
1979,27.2243,-1.8712,-0.5248
1980,27.1564,3.876,-0.5238
1981,26.8994,-2.1982,-0.5255
1982,27.3283,5.3349,-0.5243
1983,28.1193,-4.2583,-0.5251
1984,27.6144,-3.3333,-0.5206
1985,27.4041,3.1534,-0.5245
1986,27.4084,-2.7461,-0.5263
1987,28.2159,3.4573,-0.5242
1988,29.3683,-0.8968,-0.5283
1989,29.3668,-0.5557,-0.5276
1990,28.394,3.6242,-0.528
1991,27.8578,-2.6158,-0.5266
1992,28.8807,5.6225,-0.5254
1993,29.0957,-3.0949,-0.5275
1994,28.2805,-1.9347,-0.5253
1995,27.8067,6.8582,-0.5278
1996,28.2145,-3.1373,-0.529
1997,29.1655,2.2995,-0.5295
1998,29.3149,-0.0266,-0.5284
1999,28.2564,-4.6956,-0.5302
2000,27.4004,4.6316,-0.5334
2001,27.0163,-1.3989,-0.5326
2002,27.2481,3.327,-0.5312
2003,27.3142,-3.2753,-0.5271
2004,27.8351,-3.8164,-0.5316
2005,28.0739,6.3545,-0.5327
2006,27.6035,-4.5949,-0.5317
2007,27.1754,4.7487,-0.5334
2008,27.7128,4.3994,-0.5293
2009,28.7542,-8.0145,-0.5315
2010,28.5956,-3.447,-0.5312
2011,27.9042,1.2913,-0.5292
2012,27.3452,-2.3868,-0.5305
2013,27.7008,6.2142,-0.5291
2014,29.005,-3.7801,-0.5305
2015,29.2364,-1.5323,-0.5312
2016,28.5848,3.2095,-0.5327
2017,27.8582,-1.6132,-0.5291
2018,27.6199,2.8345,-0.5307
2019,29.0912,3.0533,-0.5292
2020,28.8783,-1.9806,-0.5301
2021,28.1535,-1.5113,-0.5288
2022,27.5302,-0.4938,-0.5266
2023,28.7254,3.7881,-0.5269
2024,29.94,-4.2599,-0.5259
2025,29.5269,6.2148,-0.5238
2026,29.1661,-3.8394,-0.5251
2027,29.6441,3.0749,-0.5323
2028,30.015,-3.9509,-0.5462
2029,29.1888,0.4278,-0.5389
2030,28.5483,3.2638,-0.5393
2031,28.8764,-3.3681,-0.5417
2032,28.7523,-3.7624,-0.5379
2033,29.3052,0.9833,-0.5378
2034,29.1655,2.5013,-0.5395
2035,28.4047,-2.6816,-0.5394
2036,29.0189,4.623,-0.5432
2037,30.2663,-5.2463,-0.5411
2038,29.3459,-3.7181,-0.5401
2039,28.5293,4.2592,-0.5448
2040,28.0688,-1.7259,-0.5436
2041,28.5282,-3.0948,-0.5434
2042,28.68,0.9274,-0.5445
2043,28.484,-0.692,-0.5447
2044,28.5606,-1.9057,-0.5407
2045,29.5723,3.2958,-0.5439
2046,29.5516,-1.8433,-0.5427
2047,29.0672,-1.2977,-0.5441
2048,28.3431,1.9608,-0.542
2049,27.8666,-1.2264,-0.545
2050,27.9054,4.1717,-0.5414
2051,27.6521,-1.0066,-0.5415
2052,28.5429,0.5473,-0.5403
2053,30.6032,0.8526,-0.5423
2054,30.0027,-3.3661,-0.5393
2055,30.1606,3.3818,-0.5437
2056,30.7087,-2.9138,-0.5421
2057,29.3696,3.3549,-0.5437
2058,28.5145,-1.5197,-0.5417
2059,29.9502,1.4158,-0.5443
2060,31.8438,-3.2913,-0.542
2061,31.2308,-1.7398,-0.5424
2062,31.1526,-0.183,-0.5455
2063,30.6974,-0.9469,-0.5426
2064,29.4129,3.6314,-0.5418
2065,28.747,-1.1023,-0.5399
2066,28.5035,5.2106,-0.539
2067,28.0801,-2.3774,-0.5428
2068,27.6119,5.2342,-0.5409
2069,27.2193,-2.8768,-0.5388
2070,27.5406,3.6396,-0.542
2071,28.7778,-5.1569,-0.5422
2072,28.9225,-0.071,-0.5408
2073,29.0074,0.1889,-0.539
2074,29.8676,-0.9376,-0.5406
2075,29.5771,0.4672,-0.5377
2076,28.8799,-2.9211,-0.5389
2077,29.3973,5.5159,-0.5374
2078,29.3734,-2.7312,-0.5383
2079,29.1189,2.8165,-0.536
2080,28.4811,-3.4011,-0.5353
2081,27.9198,3.9805,-0.5376
2082,27.5089,3.8134,-0.5354
2083,27.9125,-5.2185,-0.5359
2084,29.0747,-3.9739,-0.5412
2085,28.7205,-3.8513,-0.5417
2086,28.1986,-4.1697,-0.5401
2087,27.9503,0.9294,-0.5394
2088,28.9136,-0.5745,-0.5394
2089,29.9067,4.3337,-0.5398
2090,28.9399,3.9484,-0.5401
2091,28.0698,-1.2742,-0.5368
2092,28.0206,2.38,-0.5374
2093,29.9685,2.0009,-0.5414
2094,30.2028,-4.7648,-0.5403
2095,29.065,1.247,-0.5402
2096,28.1813,5.9592,-0.5403
2097,27.6139,-3.8635,-0.5354
2098,27.2095,1.3367,-0.5379
2099,27.6547,-2.7009,-0.5386
2100,29.4323,2.0505,-0.5412
2101,30.7018,-1.0424,-0.5275
2102,31.7693,-0.087,-0.5463
2103,30.4862,2.4153,-0.5636
2104,29.1152,-4.179,-0.5594
2105,28.3434,3.9612,-0.5638
2106,28.0854,-3.6309,-0.5628
2107,27.7837,-1.7984,-0.5642
2108,27.5024,6.3827,-0.565
2109,27.4901,-2.2543,-0.5602
2110,29.2341,0.4771,-0.5613
2111,29.5807,0.2143,-0.5625
2112,28.7041,2.1,-0.5637
2113,29.6466,-5.135,-0.5618
2114,30.8536,-0.2648,-0.5632
2115,30.1871,-4.2641,-0.5628
2116,30.9908,1.1997,-0.5611
2117,31.0312,-2.2701,-0.5619
2118,31.0719,4.218,-0.5643
2119,30.8905,5.4378,-0.5607
2120,29.9876,-8.1186,-0.5637
2121,29.4048,-0.6203,-0.5633
2122,28.8984,-2.0672,-0.562
2123,28.4034,0.683,-0.5668
2124,28.4915,1.9172,-0.5581
2125,30.0686,-1.3454,-0.5597
2126,31.3572,2.9424,-0.5636
2127,30.8689,-0.9869,-0.5595
2128,32.437,2.2561,-0.5599
2129,32.8689,-3.1207,-0.5642
2130,32.5017,2.5548,-0.564
2131,31.4518,-0.4126,-0.561
2132,30.681,3.199,-0.5603
2133,29.7217,-1.7039,-0.5613
2134,29.1486,3.1392,-0.5575
2135,29.1908,2.6157,-0.5599
2136,29.9045,-3.2874,-0.5573
2137,29.86,2.7154,-0.5592
2138,29.6356,-1.6845,-0.5598
2139,29.9006,-1.8381,-0.5615
2140,29.8559,4.7014,-0.561
2141,29.2255,-2.2183,-0.5621
2142,28.6492,6.1,-0.563
2143,28.2335,-5.2902,-0.5624
2144,27.9336,5.1041,-0.5641
2145,27.657,-2.737,-0.5615
2146,27.455,-2.877,-0.5641
2147,27.4493,7.3815,-0.563
2148,27.3656,-3.6135,-0.563
2149,27.1533,5.2706,-0.5615
2150,26.92,-3.9759,-0.5603
2151,26.8098,3.043,-0.5605
2152,27.474,-2.3355,-0.5655
2153,29.4054,-3.2953,-0.5633
2154,29.8781,5.0746,-0.5634
2155,29.2298,-4.8471,-0.5609
2156,28.8885,4.744,-0.5605
2157,29.3239,-9.3978,-0.5622
2158,29.0392,0.4809,-0.5576
2159,28.6526,-3.667,-0.5592
2160,30.5172,1.0229,-0.564
2161,31.0927,-4.689,-0.5615
2162,32.0914,5.1434,-0.5642
2163,31.4176,-4.1993,-0.5609
2164,30.2806,2.0075,-0.5605
2165,29.7967,-2.6362,-0.5611
2166,29.9224,1.5072,-0.5619
2167,29.8271,1.776,-0.5612
2168,30.0674,-1.7433,-0.5595
2169,29.6517,-2.0805,-0.5587
2170,29.5071,2.7132,-0.5609
2171,30.7604,-1.8806,-0.5589
2172,31.8326,3.215,-0.56
2173,31.5076,-4.4233,-0.5603
2174,30.2965,2.4785,-0.562
2175,29.482,-1.2686,-0.5633
2176,29.3312,2.5176,-0.5639
2177,30.8918,-1.5651,-0.5631
2178,33.2999,-0.3603,-0.5623
2179,32.4793,-3.5227,-0.5649
2180,31.1468,3.0512,-0.5656
2181,30.8319,-1.2019,-0.5647
2182,30.2178,5.4221,-0.5607
2183,29.8546,-2.5589,-0.5596
2184,30.7268,3.974,-0.5609
2185,31.0011,-3.3077,-0.5584
2186,30.8195,-0.6477,-0.5595
2187,30.4262,1.3697,-0.5577
2188,31.0107,-1.9469,-0.5614
2189,31.0762,-1.7243,-0.5586
2190,31.749,5.2373,-0.5611
2191,30.9699,-1.3493,-0.5599
2192,30.902,2.9352,-0.5586
2193,33.341,-2.5059,-0.5601
2194,33.4423,-3.6775,-0.5638
2195,33.498,2.2202,-0.558
2196,32.2766,-1.9735,-0.5636
2197,31.1743,3.5741,-0.5618
2198,30.6957,-0.4844,-0.5635
2199,30.7968,1.907,-0.5624
2200,30.151,-0.2508,-0.5596
2201,30.4397,-2.1369,-0.5614
2202,32.2623,-5.0493,-0.5615
2203,32.513,8.0772,-0.5607
2204,31.741,-5.5883,-0.5621
2205,30.9339,2.6203,-0.5607
2206,30.322,2.4873,-0.5606
2207,29.9466,-0.7976,-0.5624
2208,30.62,-3.5788,-0.5622
2209,32.2377,0.9026,-0.5613
2210,31.6644,2.8311,-0.561
2211,30.7477,-4.0098,-0.5596
2212,30.3213,4.2551,-0.561
2213,30.9087,-3.0375,-0.5613
2214,31.163,3.8911,-0.5083
2215,32.0319,-3.8891,-0.573
2216,32.8648,2.9246,-0.578
2217,32.1123,-3.9723,-0.5783
2218,31.0235,4.407,-0.5779
2219,30.1703,-2.9548,-0.581
2220,29.7502,5.0173,-0.5849
2221,31.1427,-4.3934,-0.5871
2222,32.0659,3.5732,-0.5852
2223,31.0571,-3.0789,-0.5843
2224,30.5526,4.4175,-0.5844
2225,30.7484,-0.492,-0.5828
2226,30.24,-2.3552,-0.5819
2227,29.8796,5.1288,-0.5846
2228,31.3712,-2.8752,-0.5848
2229,31.5865,1.69,-0.5834
2230,30.9625,-1.929,-0.58
2231,31.157,-2.7438,-0.5816
2232,31.8329,6.7747,-0.5862
2233,31.9918,-1.6996,-0.5835
2234,31.1768,-2.4158,-0.5828
2235,30.5554,6.8836,-0.5838
2236,30.1082,-3.7013,-0.5851
2237,30.0187,-2.729,-0.5827
2238,31.095,5.8372,-0.5814
2239,31.107,-3.5478,-0.5808
2240,30.7143,-2.8683,-0.581
2241,32.2112,6.7491,-0.5833
2242,31.8179,-2.5306,-0.5831
2243,30.6065,-2.4535,-0.5798
2244,29.8834,6.9298,-0.5823
2245,30.2427,-4.1528,-0.5848
2246,32.2827,0.4836,-0.5855
2247,33.4221,-0.647,-0.5824
2248,32.7999,-4.2998,-0.584
2249,31.7589,2.7071,-0.5827
2250,31.1613,-3.1936,-0.581
2251,31.6499,-0.169,-0.5826
2252,31.406,2.2818,-0.5798
2253,30.6302,0.8548,-0.5785
2254,30.2892,2.789,-0.5773
2255,31.1105,-3.331,-0.5783
2256,30.8346,3.6723,-0.5768
2257,31.7802,-3.4531,-0.5801
2258,32.721,4.0489,-0.5836
2259,32.4045,-3.1667,-0.5808
2260,34.1159,3.8782,-0.5843
2261,33.3965,-4.0742,-0.584
2262,31.8454,4.4516,-0.5813
2263,31.6819,-3.0619,-0.5806
2264,32.5525,3.7816,-0.5833
2265,34.1354,-6.0965,-0.5837
2266,33.7808,-0.9478,-0.5815
2267,34.0985,0.0645,-0.5784
2268,33.9804,-1.4953,-0.5786
2269,36.3666,1.7864,-0.5807
2270,36.6773,-2.6103,-0.5831
2271,33.9231,2.0687,-0.5768
2272,32.1703,0.8708,-0.5797
2273,31.1867,3.2385,-0.5805
2274,30.7538,-1.614,-0.5809
2275,32.3863,-0.8118,-0.5794
2276,32.5697,-0.5993,-0.5715
2277,31.8781,0.0452,-0.605
2278,32.3269,1.9437,-0.6052
2279,34.35,-3.7418,-0.6077
2280,34.2665,2.6026,-0.6105
2281,33.2098,-1.5709,-0.6072
2282,32.0137,2.098,-0.6088
2283,31.4094,1.8198,-0.6095
2284,30.838,2.2607,-0.6095
2285,30.2255,0.7016,-0.6085
2286,30.04,-3.8468,-0.6102
2287,30.0256,-0.3195,-0.6096
2288,30.6115,-0.4834,-0.609
2289,30.389,3.2387,-0.6108
2290,30.0758,2.8204,-0.6112
2291,31.2119,-4.6796,-0.609
2292,31.8307,3.1816,-0.6087
2293,31.2407,3.9053,-0.6114
2294,31.5397,-3.3353,-0.6092
2295,30.9306,-1.4498,-0.6098
2296,30.0712,4.4948,-0.6135
2297,29.5665,-3.7449,-0.6116
2298,30.6244,3.292,-0.6086
2299,31.9081,4.4102,-0.6066
2300,31.54,-4.128,-0.6069
2301,32.4747,5.8051,-0.6091
2302,33.5126,-5.8478,-0.609
2303,32.2892,-0.9668,-0.6109
2304,32.9904,1.4081,-0.6125
2305,33.6768,0.8134,-0.6109
2306,33.7026,-4.9587,-0.6116
2307,33.223,2.679,-0.6125
2308,33.2244,-1.6179,-0.6121
2309,32.5261,-0.9044,-0.6122
2310,31.6455,-3.4069,-0.6153
2311,31.8914,4.5855,-0.6149
2312,32.895,-3.8238,-0.611
2313,32.3903,0.9557,-0.6126
2314,31.4172,1.6094,-0.6118
2315,30.9735,-2.0352,-0.6146
2316,33.7386,4.863,-0.614
2317,35.6851,-6.0035,-0.6143
2318,33.8652,0.1947,-0.6141
2319,33.1655,9.0169,-0.6142
2320,34.0058,2.4326,-0.6114
2321,33.013,-5.9158,-0.6102
2322,33.1414,-0.7293,-0.6118
2323,33.3838,-3.3442,-0.6108
2324,35.0669,-2.0314,-0.6093
2325,34.2253,2.501,-0.6102
2326,32.4297,1.4866,-0.6071
2327,32.1877,1.4146,-0.606
2328,33.9226,3.5917,-0.6067
2329,33.4637,-2.7723,-0.6081
2330,32.8108,-0.6055,-0.6104
2331,32.4365,3.1815,-0.6087
2332,31.9599,-2.4076,-0.6073
2333,31.8525,3.1053,-0.6064
2334,32.5707,1.0555,-0.6104
2335,31.9408,-2.0073,-0.6106
2336,31.7854,-2.2981,-0.6096
2337,33.6837,4.1545,-0.6063
2338,32.9517,-2.1539,-0.61
2339,31.6821,2.2045,-0.61
2340,31.4956,-3.0802,-0.6067
2341,34.8037,2.8705,-0.6068
2342,36.1933,-4.5616,-0.6059
2343,35.787,-2.538,-0.6039
2344,33.8685,-0.7364,-0.6066
2345,32.7036,3.2815,-0.6043
2346,32.3441,-0.8605,-0.6057
2347,31.8825,5.3635,-0.6048
2348,31.2436,-2.3574,-0.6042
2349,31.9072,-0.6783,-0.6067
2350,32.787,0.6553,-0.6043
2351,32.0248,4.4312,-0.6066
2352,31.4066,-3.3388,-0.6074
2353,31.0995,7.8873,-0.6069
2354,30.8943,-5.5193,-0.6082
2355,30.8692,3.6093,-0.6101
2356,31.9638,-3.7149,-0.6074
2357,32.7657,-2.6093,-0.6107
2358,32.3286,6.6498,-0.6065
2359,33.333,-3.5153,-0.6034
2360,34.2473,5.7267,-0.6074
2361,35.3387,-3.5901,-0.6085
2362,34.434,-3.1636,-0.6079
2363,32.8087,4.5921,-0.6082
2364,32.4645,-1.6798,-0.6099
2365,32.9601,-2.7935,-0.6085
2366,32.3423,6.0852,-0.6061
2367,32.398,-3.0449,-0.6077
2368,34.515,-0.5917,-0.607
2369,34.7774,-2.4132,-0.6036
2370,34.3399,-5.6499,-0.6054
2371,34.8978,2.0448,-0.6027
2372,34.3419,-3.0013,-0.6049
2373,34.6937,3.1108,-0.6046
2374,35.8569,-3.257,-0.6063
2375,34.702,1.4289,-0.6052
2376,33.2719,3.1354,-0.6034
2377,32.6832,-1.145,-0.6067
2378,35.0242,3.5789,-0.606
2379,35.8543,-4.6665,-0.6065
2380,36.0159,2.1373,-0.607
2381,34.6936,-2.8949,-0.6056
2382,34.5048,3.2381,-0.6093
2383,37.971,-4.7905,-0.6029
2384,37.8425,0.5486,-0.6062
2385,37.4587,-2.6354,-0.6045
2386,36.699,3.2139,-0.6036
2387,34.9403,0.0179,-0.6071
2388,35.523,0.801,-0.6031
2389,36.1277,-2.3531,-0.6077
2390,36.0239,1.8327,-0.6067
2391,34.798,-0.1343,-0.6093
2392,35.7085,-1.7126,-0.612
2393,35.878,3.0871,-0.6096
2394,34.3968,0.6917,-0.6085
2395,33.6399,0.3433,-0.6102
2396,35.0291,0.085,-0.6112
2397,34.9674,-3.204,-0.6099
2398,33.9672,1.1666,-0.6099
2399,34.5773,-2.0092,-0.662
2400,36.109,0.1073,-0.68
2401,36.2883,-1.5627,-0.6815
2402,37.3622,1.728,-0.6822
2403,37.2682,-0.6753,-0.6806
2404,36.2151,0.3383,-0.6821
2405,36.4358,-1.9554,-0.6861
2406,35.9756,2.5785,-0.6809
2407,36.5526,-1.0967,-0.6782
2408,37.1847,1.064,-0.6803
2409,36.5252,-0.1205,-0.6849
2410,36.2747,0.0454,-0.6861
2411,35.8694,-2.1739,-0.6861
2412,36.0826,1.2458,-0.686
2413,35.2524,-1.2342,-0.6887
2414,35.9267,3.5819,-0.6871
2415,35.3247,1.6624,-0.6874
2416,34.4111,-0.6205,-0.6841
2417,36.2251,1.5836,-0.685
2418,37.0919,-4.4138,-0.6822
2419,35.3583,0.7327,-0.6839
2420,34.2152,-1.9852,-0.6823
2421,33.5211,1.4719,-0.6793
2422,33.1426,1.8712,-0.6818
2423,32.8109,-0.3308,-0.6837
2424,33.462,4.7444,-0.6829
2425,35.5303,-1.6838,-0.6808
2426,36.4322,2.2846,-0.683
2427,37.0642,-1.8438,-0.6826
2428,35.6954,-1.3949,-0.6851
2429,34.4764,2.3267,-0.6787
2430,33.64,-0.9199,-0.6781
2431,32.9749,-12.0363,-0.6777
2432,32.7437,10.0672,-0.6797
2433,33.8942,5.7693,-0.6777
2434,34.6794,1.6512,-0.6792
2435,34.493,-1.9409,-0.6821
2436,33.7492,-2.0532,-0.6833
2437,34.5374,-0.1136,-0.6825
2438,33.6253,2.8158,-0.6831
2439,33.3966,-2.4482,-0.6803
2440,34.97,0.1357,-0.6782
2441,34.4056,0.3758,-0.6783
2442,34.3074,2.1047,-0.6774
2443,33.5654,0.3957,-0.6778
2444,33.8886,-3.5844,-0.6794
2445,33.6188,1.224,-0.6804
2446,32.6022,-1.9025,-0.6773
2447,31.9889,2.9358,-0.6284
2448,32.4983,-2.5663,-0.6752
2449,34.9529,-0.3475,-0.6963
2450,34.8469,-2.8647,-0.6951
2451,33.4994,2.88,-0.693
2452,33.0491,0.8382,-0.693
2453,34.0999,-2.4538,-0.6983
2454,35.1982,1.2001,-0.6962
2455,35.874,-0.8161,-0.6978
2456,34.9155,1.3481,-0.6904
2457,33.8055,0.3718,-0.6923
2458,32.8008,2.9068,-0.6949
2459,32.4171,-0.5293,-0.6876
2460,34.0352,-2.9681,-0.6907
2461,34.9797,0.0,-0.6892
2462,34.6987,0.6883,-0.6893
2463,36.1205,-1.8689,-0.6904
2464,37.108,2.2539,-0.6944
2465,36.5571,-2.3361,-0.6959
2466,34.7625,-0.9431,-0.7
2467,34.1236,1.4056,-0.6999
2468,35.5797,-1.1205,-0.694
2469,35.3573,0.7839,-0.6964
2470,35.0059,-2.2831,-0.696
2471,34.0392,-2.0829,-0.693
2472,33.4167,-0.7693,-0.698
2473,33.1903,3.5425,-0.694
2474,33.0083,-0.6925,-0.6951
2475,34.7899,2.5642,-0.6264
2476,35.5752,-2.0708,-0.6934
2477,34.765,-1.8356,-0.7192
2478,33.5638,3.3646,-0.7202
2479,32.7192,-1.8005,-0.7151
2480,32.4294,3.0741,-0.703
2481,33.204,-1.5439,-0.7275
2482,33.2419,-1.9278,-0.7418
2483,33.8582,3.4137,-0.7442
2484,34.9921,-3.1618,-0.7442
2485,34.5278,-0.7978,-0.7448
2486,33.2884,-2.9477,-0.7405
2487,32.866,4.724,-0.7439
2488,35.0458,-3.5406,-0.7452
2489,35.5207,-2.0386,-0.7486
2490,33.727,4.1419,-0.7508
2491,32.525,0.599,-0.7468
2492,31.8588,-2.2677,-0.7438
2493,31.3591,5.2664,-0.7485
2494,30.9391,-2.7191,-0.7459
2495,30.8927,3.075,-0.7446
2496,32.1852,-2.8404,-0.7455
2497,33.1792,4.414,-0.7448
2498,32.5655,-1.7698,-0.7464
2499,33.6274,-2.6655,-0.7443
2500,33.7357,5.6433,-0.7442
2501,34.0944,-3.3987,-0.7437
2502,36.5352,2.9775,-0.7429
2503,36.6043,-5.8044,-0.7399
2504,35.0745,2.1922,-0.7394
2505,35.3623,3.8626,-0.7383
2506,36.466,-4.7499,-0.7426
2507,35.987,-2.9902,-0.7407
2508,36.8584,-0.9489,-0.7417
2509,37.5075,-0.9539,-0.743
2510,36.9177,-0.3573,-0.742
2511,35.689,3.3145,-0.7382
2512,35.2108,-0.3824,-0.7392
2513,35.4088,2.8101,-0.7401
2514,36.5118,-2.0485,-0.7425
2515,35.9671,0.3535,-0.7448
2516,34.6167,-1.6932,-0.7458
2517,33.8337,2.7774,-0.7411
2518,34.0757,-0.9704,-0.741
2519,35.6612,1.1043,-0.7422
2520,36.3597,-2.6235,-0.7392
2521,34.8534,-1.7407,-0.7401
2522,33.8103,2.613,-0.741
2523,34.8966,-0.5458,-0.742
2524,35.1196,-0.5138,-0.7384
2525,35.1356,2.7107,-0.7332
2526,36.464,0.8344,-0.7471
2527,35.1626,-3.3372,-0.7899
2528,34.556,1.043,-0.8295
2529,34.3873,-1.0981,-0.8287
2530,35.2575,-1.2124,-0.8337
2531,35.5766,-0.7072,-0.834
2532,34.9536,2.3435,-0.8347
2533,36.3205,-1.9261,-0.8328
2534,35.7168,-7.184,-0.8325
2535,34.9795,1.8432,-0.8306
2536,34.909,-0.4457,-0.8283
2537,34.6741,1.0591,-0.832
2538,36.0244,-1.5886,-0.8307
2539,35.1876,2.4685,-0.8318
2540,34.5566,-0.814,-0.8285
2541,34.7468,-0.4876,-0.8308
2542,36.7692,-1.6076,-0.8315
2543,37.1327,0.9616,-0.8393
2544,36.2474,-0.7829,-0.8315
2545,35.7631,1.5973,-0.8326
2546,35.3347,-0.1596,-0.8302
2547,35.4665,1.6644,-0.8298
2548,35.1316,-0.9919,-0.831
2549,34.8819,0.8816,-0.8297
2550,35.3109,-1.7891,-0.8297
2551,35.1183,0.5083,-0.832
2552,34.5677,0.2159,-0.83
2553,34.6154,1.169,-0.8327
2554,34.9384,-1.4325,-0.8323
2555,34.3232,1.1283,-0.8277
2556,33.677,-2.1153,-0.8286
2557,33.2843,1.9152,-0.8257
2558,33.4258,-1.3929,-0.8286
2559,33.8004,1.2301,-0.8305
2560,33.4338,-2.3322,-0.8328
2561,32.8537,3.7573,-0.8337
2562,32.9691,3.5748,-0.8328
2563,33.898,-4.022,-0.8299
2564,35.0201,-2.2734,-0.8296
2565,34.5595,-2.4633,-0.8272
2566,33.5474,0.1646,-0.8276
2567,33.0029,3.0683,-0.8278
2568,32.5205,1.6971,-0.834
2569,32.184,1.0291,-0.8327
2570,33.0189,-1.4953,-0.8343
2571,34.9012,-3.2891,-0.8314
2572,34.7555,-0.1613,-0.8341
2573,33.8015,-2.325,-0.8318
2574,32.7806,2.3147,-0.8254
2575,32.1963,1.6149,-0.8275
2576,32.147,2.2683,-0.8307
2577,32.4731,0.9184,-0.8294
2578,33.9815,-1.2456,-0.7955
2579,35.3809,1.9167,-0.8613
2580,35.0985,-4.1307,-0.8797
2581,35.1301,2.9485,-0.878
2582,34.1864,-0.8424,-0.8833
2583,33.2843,-2.4951,-0.8849
2584,33.7947,5.5923,-0.8829
2585,35.3862,-2.4258,-0.8816
2586,35.1518,-0.2972,-0.8824
2587,34.661,1.445,-0.8797
2588,33.7609,4.1149,-0.8774
2589,34.0704,-6.8189,-0.8776
2590,34.8633,-4.6153,-0.8756
2591,34.3578,0.3744,-0.876
2592,33.015,1.0655,-0.8767
2593,32.2915,1.5708,-0.8782
2594,32.2597,0.5141,-0.8761
2595,32.7082,-1.4464,-0.8755
2596,32.8643,4.3914,-0.875
2597,32.5834,0.2247,-0.8725
2598,32.1592,-1.3621,-0.874
2599,31.9574,5.6743,-0.8695
2600,32.3057,-1.2397,-0.8724
2601,32.6464,-2.7776,-0.8699
2602,32.7674,4.6371,-0.8745
2603,32.8809,-1.6983,-0.8741
2604,33.2857,-1.3418,-0.871
2605,32.7639,0.6599,-0.8717
2606,32.869,-1.1584,-0.8704
2607,33.3433,0.2288,-0.8742
2608,33.269,-5.1518,-0.8794
2609,34.2168,0.8924,-0.8775
2610,35.5297,-3.6509,-0.8778
2611,34.756,2.4635,-0.872
2612,33.9015,-1.2519,-0.8766
2613,33.9453,4.2103,-0.8781
2614,33.2375,-2.5505,-0.8727
2615,32.4823,3.8175,-0.8692
2616,33.4253,2.3282,-0.871
2617,34.9565,-4.1166,-0.8688
2618,34.8982,1.6017,-0.8738
2619,35.1359,-0.8928,-0.8771
2620,35.3116,-0.6804,-0.8748
2621,35.9544,-1.0419,-0.8746
2622,34.54,-0.7761,-0.8706
2623,33.413,1.2664,-0.87
2624,32.8387,-0.8832,-0.872
2625,32.3734,4.1106,-0.8689
2626,33.1647,-2.3754,-0.8675
2627,34.5239,1.3573,-0.8771
2628,35.9454,-0.1997,-0.8746
2629,35.5345,-4.5094,-0.8794
2630,34.624,0.7841,-0.8789
2631,35.3181,-1.4626,-0.8809
2632,34.5662,1.7025,-0.8783
2633,33.4318,2.0607,-0.8772
2634,32.9577,-4.8122,-0.8768
2635,33.2669,3.414,-0.8782
2636,34.7412,2.199,-0.8793
2637,36.8047,-4.8783,-0.8807
2638,37.3845,1.7686,-0.8815
2639,36.7305,-2.2235,-0.8782
2640,35.5045,0.7671,-0.8761
2641,35.0519,3.3308,-0.8777
2642,33.9996,2.7886,-0.8728
2643,33.1655,2.1598,-0.8709
2644,32.5881,-0.8758,-0.8729
2645,32.9452,-3.7865,-0.8719
2646,33.209,2.5199,-0.8721
2647,33.0668,1.4923,-0.8698
2648,33.3275,-2.5411,-0.8705
2649,33.3924,-2.3554,-0.8728
2650,34.4683,4.0494,-0.8746
2651,37.4167,-3.7813,-0.8759
2652,37.7431,1.2464,-0.8778
2653,37.343,-1.0446,-0.8739
2654,35.0476,1.3873,-0.8781
2655,33.3007,-0.9549,-0.8752
2656,32.9917,3.6439,-0.8712
2657,34.7708,-3.5587,-0.8709
2658,34.6337,1.762,-0.8719
2659,33.3328,-0.6144,-0.8746
2660,32.5423,0.2336,-0.873
2661,31.937,2.2095,-0.8718
2662,32.1718,1.4986,-0.8759
2663,33.5172,-0.2143,-0.879
2664,33.5075,-3.445,-0.8745
