"Me","Improving","Them","Participant","Worse","BlockTime","Theirs","Failing","Mine","Sad","Better","Disimproving","Myself","Succeeding","Time","Date","Themselves","Correct","Block","Happy"
802,"NA",2354," 0007","NA"," 14160",1300.33333333,"NA",1114,"NA","NA","NA",1035,"NA"," 16:18:08","08/03/2011",1001.5,11,"Block 1:","NA"
"NA",878,"NA"," 0007",733," 13201","NA",1488.5,"NA",935.333333333,1499,"NA","NA",824," 16:18:08","08/03/2011","NA",12,"Block 2:",1107
1175,"NA","NA"," 0007",2629.5," 41742",841.666666667,778.5,1177,906.666666667,889.5,945,863.75,1926.66666667," 16:18:08","08/03/2011",797.333333333,33,"Block 3:",1389.8
903.25,"NA",630," 0007","NA"," 10129",607,"NA",671,"NA","NA","NA",604,"NA"," 16:18:08","08/03/2011",1133.33333333,11,"Block 4:","NA"
890.333333333,2163,1173.25," 0007",2073," 60840",1751.75,2517.33333333,1628.4,1365.75,1220.5,2441,656,"NA"," 16:18:08","08/03/2011",2001.33333333,28,"Block 5:",2489
1222.66666667,"NA","NA"," 0234","NA"," 22249",2247.5,"NA",1154.5,"NA","NA","NA",2579.5,"NA"," 13:22:16","08/04/2011",1459,12,"Block 1:","NA"
"NA",998,"NA"," 0234",1067," 20591","NA",684,"NA","NA","NA",4058.66666667,"NA","NA"," 13:22:16","08/04/2011","NA",11,"Block 2:",883
1505.4,682.5,639," 0234","NA"," 39752",1353.4,522,645,2160.66666667,712.5,1308.5,713.333333333,1795.5," 13:22:16","08/04/2011",755,34,"Block 3:",584
438,"NA",515.5," 0234","NA"," 17930",1775.5,"NA",1816,"NA","NA","NA",2736,"NA"," 13:22:16","08/04/2011",535,10,"Block 4:","NA"
1493.75,821,1047," 0234",2214," 44846",1022,1553.5,852.6,1249.83333333,"NA",1916.33333333,914,"NA"," 13:22:16","08/04/2011",568,32,"Block 5:",1189
1067,"NA",747.666666667," 0317","NA"," 11570",940.666666667,"NA",812.666666667,"NA","NA","NA","NA","NA"," 14:47:03","18/01/2011",1933,12,"Block 1:","NA"
"NA",763.5,"NA"," 0317","NA"," 13106","NA",823,"NA",1238.33333333,679,"NA","NA",796," 14:47:03","18/01/2011","NA",11,"Block 2:",1581
815.25,867.666666667,770.25," 0317",797.5," 33495",1089.5,1551.33333333,896.333333333,708,1126.5,1055,855.333333333,645," 14:47:03","18/01/2011",819.2,35,"Block 3:","NA"
742,"NA",930," 0317","NA"," 10305",760.666666667,"NA",1290.5,"NA","NA","NA",709.333333333,"NA"," 14:47:03","18/01/2011",900,12,"Block 4:","NA"
769,795,"NA"," 0317",989.5," 37543",1144.83333333,799.25,1143,1059,1725,1488,1293.5,758," 14:47:03","18/01/2011",809.4,34,"Block 5:",1293.33333333
582.5,"NA",1054," 0405","NA"," 9221",1226,"NA",673,"NA","NA","NA",578.5,"NA"," 12:19:13","09/03/2011","NA",12,"Block 1:","NA"
"NA",733.5,"NA"," 0405",946," 9282","NA",1075,"NA","NA",698.5,572,"NA",700," 12:19:13","09/03/2011","NA",12,"Block 2:",616.5
591,769.5,1051.33333333," 0405",931," 30094",1170,1012,895.8,660,835,726,572,841.5," 12:19:13","09/03/2011",749,34,"Block 3:",745
622.5,"NA",1173.66666667," 0405","NA"," 9453",585.5,"NA",778,"NA","NA","NA",592,"NA"," 12:19:13","09/03/2011",684,11,"Block 4:","NA"
707,1163.5,"NA"," 0405",1793," 48170",1957.75,1267,1095.75,1113,1321,1873,1164.33333333,1194," 12:19:13","09/03/2011",1223.5,29,"Block 5:",1520
624,"NA",970.75," 0473","NA"," 11125","NA","NA",579.5,"NA","NA","NA","NA","NA"," 12:23:46","04/04/2011",1208.75,12,"Block 1:","NA"
"NA",1605.33333333,"NA"," 0473","NA"," 12162","NA",915,"NA",715,859,864,"NA",738," 12:23:46","04/04/2011","NA",11,"Block 2:",840.5
717,1333.25,881," 0473",854," 32542",676.333333333,732.25,869,1028,1047,"NA",973.75,619," 12:23:46","04/04/2011",1327,35,"Block 3:","NA"
657,"NA",660.666666667," 0473","NA"," 10913",1326.5,"NA",870,"NA","NA","NA",562,"NA"," 12:23:46","04/04/2011",666,12,"Block 4:","NA"
1273.66666667,1129,1107.33333333," 0473",1256," 49273",2068.66666667,1215.33333333,756,1560.66666667,1222,1084.5,658,"NA"," 12:23:46","04/04/2011",1168.66666667,24,"Block 5:",2255
1052,"NA",1118," 0606","NA"," 13957","NA","NA","NA","NA","NA","NA",1153.5,"NA"," 12:20:04","16/03/2011",1416.5,12,"Block 1:","NA"
"NA",862.5,"NA"," 0606",557," 8116","NA",598,"NA",483,784,622,"NA",639," 12:20:04","16/03/2011","NA",12,"Block 2:",518
640,"NA",779," 0606",676," 40171",1209.33333333,3796,753.833333333,602,665,962.333333333,1080,1450.66666667," 12:20:04","16/03/2011",541,34,"Block 3:",526
491,"NA",981.4," 0606","NA"," 8917",640,"NA",601,"NA","NA","NA",564,"NA"," 12:20:04","16/03/2011",549,12,"Block 4:","NA"
1030.5,976.25,660.5," 0606","NA"," 39253",875.833333333,"NA",1108.66666667,1067.5,1293,2471,1125.66666667,779," 12:20:04","16/03/2011",1560.33333333,34,"Block 5:",1239
542.333333333,"NA",573.5," 0705","NA"," 6904",597,"NA",693,"NA","NA","NA",515,"NA"," 16:20:08","30/03/2011",576,12,"Block 1:","NA"
"NA",744,"NA"," 0705",767," 12744","NA",984,"NA",1498.5,686,863,"NA",1055," 16:20:08","30/03/2011","NA",11,"Block 2:",1340
1082.8,1068.33333333,666.5," 0705",873.5," 34068",820,890.333333333,656.8,1934,604,758,737.666666667,"NA"," 16:20:08","30/03/2011",1783.66666667,35,"Block 3:","NA"
626,"NA",1766.66666667," 0705","NA"," 11352",723,"NA",674,"NA","NA","NA",645,"NA"," 16:20:08","30/03/2011",677.5,12,"Block 4:","NA"
684,803,697.5," 0705","NA"," 32380",653,720.333333333,635,727,1777.5,1492,1225,832.5," 16:20:08","30/03/2011",769,36,"Block 5:",747.333333333
"NA","NA",686.5," 0833","NA"," 9258",851.333333333,"NA",576.666666667,"NA","NA","NA",729,"NA"," 13:26:52","28/03/2011",957.333333333,12,"Block 1:","NA"
"NA",1189.66666667,"NA"," 0833",764," 12501","NA","NA","NA",1045,"NA",1032,"NA",1220.33333333," 13:26:52","28/03/2011","NA",12,"Block 2:",692.5
1177.55555556,1624,1505.5," 0833","NA"," 60460",1916,1824,987,1867.5,"NA",3063,1701.5,1706," 13:26:52","28/03/2011",2148.33333333,36,"Block 3:",1516.4
1802.66666667,"NA",903," 0833","NA"," 33351",8394,"NA",2067.5,"NA","NA","NA",1277.5,"NA"," 13:26:52","28/03/2011",1781,11,"Block 4:","NA"
864,1909,"NA"," 0833",1428.5," 71202",1098.8,4057.66666667,1961.75,1557.5,"NA",1103,2047,1780.5," 13:26:52","28/03/2011",2547.83333333,32,"Block 5:",2231
650,"NA",1112," 0856","NA"," 11224",1113.5,"NA",946.5,"NA","NA","NA",995,"NA"," 11:26:03","08/03/2011",902,12,"Block 1:","NA"
"NA","NA","NA"," 0856",1024," 9826","NA",588,"NA",665,666,867.5,"NA",1135.5," 11:26:03","08/03/2011","NA",12,"Block 2:",763
725,1160.66666667,1347.5," 0856",1109," 36647",611,867.25,1103,1082,615,964.5,685,1214.33333333," 11:26:03","08/03/2011",1056,36,"Block 3:",959.5
5062,"NA",1701.33333333," 0856","NA"," 42454",1373.5,"NA",4011,"NA","NA","NA","NA","NA"," 11:26:03","08/03/2011",7384,8,"Block 4:","NA"
2116.75,1594.33333333,2210," 0856",1058," 62955",2012.5,1845,2140,1199,"NA",1105,1760.5,1074," 11:26:03","08/03/2011",2575,35,"Block 5:",1367.66666667
1167,"NA",987," 1004","NA"," 16946",1574.5,"NA",874,"NA","NA","NA",1142.5,"NA"," 13:23:09","05/04/2011",2084,12,"Block 1:","NA"
"NA",848,"NA"," 1004","NA"," 12477","NA",1255,"NA",1059.33333333,957,1043.66666667,"NA",1036," 13:23:09","05/04/2011","NA",12,"Block 2:","NA"
779,1071,4310.75," 1004",1553," 47491","NA","NA",820.5,1033,792.25,613,833.75,731," 13:23:09","05/04/2011",1122.25,35,"Block 3:",1001.83333333
1448,"NA","NA"," 1004","NA"," 10255",668.5,"NA",556,"NA","NA","NA",928,"NA"," 13:23:09","05/04/2011",670.5,11,"Block 4:","NA"
1301.8,1156,1973," 1004",2103.5," 60733",2403,1343.5,1584.25,2594,823,2642.5,937,1026.5," 13:23:09","05/04/2011",1641,32,"Block 5:",1812
781.2,"NA",832.5," 1011","NA"," 9212",713,"NA",570,"NA","NA","NA",894,"NA"," 13:24:40","21/03/2011","NA",12,"Block 1:","NA"
"NA",688.666666667,"NA"," 1011",751.5," 9355","NA",1330,"NA",544,"NA","NA","NA",653.666666667," 13:24:40","21/03/2011","NA",12,"Block 2:",621
600.5,612.5,996.5," 1011",795," 34543",1038,946.666666667,822,760.666666667,872,1087,1145.33333333,1576," 13:24:40","21/03/2011",969.5,31,"Block 3:",651
1464.5,"NA",865," 1011","NA"," 11156",932.666666667,"NA",1185,"NA","NA","NA",608,"NA"," 13:24:40","21/03/2011",649,8,"Block 4:","NA"
648.25,923.5,831.666666667," 1011",605," 32153",846.833333333,756.4,"NA",989,603,1241,925.666666667,734.5," 13:24:40","21/03/2011",2353.5,30,"Block 5:",523
459.5,"NA",501," 1101","NA"," 6333",536.333333333,"NA",505.5,"NA","NA","NA",759,"NA"," 12:15:07","24/01/2011",523,12,"Block 1:","NA"
"NA",1182,"NA"," 1101",556.5," 8493","NA",643.5,"NA",661,551,474,"NA",1047.5," 12:15:07","24/01/2011","NA",11,"Block 2:",469
700.5,"NA",886.5," 1101",709," 28125","NA",617,724.6,549,554.5,868.333333333,628.5,813," 12:15:07","24/01/2011",806.2,35,"Block 3:",1179.75
472,"NA",1003.5," 1101","NA"," 8790","NA","NA",754,"NA","NA","NA",572.25,"NA"," 12:15:07","24/01/2011",630.5,12,"Block 4:","NA"
611,770,972," 1101",597," 34498",740,2507,607.666666667,1032.33333333,723.5,889.2,2704.5,819.5," 12:15:07","24/01/2011",521.5,35,"Block 5:",822.25
982,"NA",1405.5," 1103","NA"," 38201",10084.5,"NA",968.5,"NA","NA","NA",3422.33333333,"NA"," 15:21:06","23/03/2011",1053,11,"Block 1:","NA"
"NA",1784.33333333,"NA"," 1103",870," 13975","NA","NA","NA",1058,"NA",974.75,"NA",868.5," 15:21:06","23/03/2011","NA",12,"Block 2:","NA"
878.333333333,781,835," 1103",974.666666667," 37913",828,1746.75,879,920,595,922,1612,756.5," 15:21:06","23/03/2011",1369.25,36,"Block 3:",773.333333333
555.333333333,"NA",1238," 1103","NA"," 16524",1197,"NA",674,"NA","NA","NA",6099,"NA"," 15:21:06","23/03/2011",1071.66666667,12,"Block 4:","NA"
1306.5,1979.5,2204," 1103",1451," 70516",1390.75,2257.5,1566.5,3769.33333333,3717,"NA",864,1762.5," 15:21:06","23/03/2011",1280,36,"Block 5:","NA"
517.333333333,"NA",674.666666667," 1209","NA"," 7283",706.5,"NA",590.666666667,"NA","NA","NA","NA","NA"," 13:53:08","23/03/2011",522,12,"Block 1:","NA"
"NA",641,"NA"," 1209",625.5," 9202","NA",594,"NA",817,"NA",1356.5,"NA",586," 13:53:08","23/03/2011","NA",12,"Block 2:",548
589.666666667,1002,916," 1209",1895.33333333," 30837",577.5,629,750.666666667,805,643.5,1092.5,578,"NA"," 13:53:08","23/03/2011",663,36,"Block 3:",1171.5
596.333333333,"NA",571.333333333," 1209","NA"," 9446",687,"NA","NA","NA","NA","NA",577.5,"NA"," 13:53:08","23/03/2011",1367,12,"Block 4:","NA"
1942,1048.5,1408.5," 1209",1151.33333333," 57998",1180,1255,1686.5,1773.5,1235.33333333,1607,960.5,2838," 13:53:08","23/03/2011",1212.5,33,"Block 5:",2623
498.5,"NA",986.5," 1212","NA"," 15236",798,"NA",544,"NA","NA","NA",625,"NA"," 15:21:01","22/03/2011",4293,11,"Block 1:","NA"
"NA",778,"NA"," 1212",612.5," 9041","NA",1709,"NA",951,553.5,773,"NA",573.333333333," 15:21:01","22/03/2011","NA",12,"Block 2:","NA"
"NA",998.5,826," 1212",1140.75," 35340",1288.33333333,678.333333333,1221.6,607,628,780,693,"NA"," 15:21:01","22/03/2011",1618.75,36,"Block 3:",706
533,"NA",585.5," 1212","NA"," 8613",694,"NA",448.5,"NA","NA","NA",645.5,"NA"," 15:21:01","22/03/2011",1400,12,"Block 4:","NA"
640,777.25,859," 1212",685," 44255",1940,1250.66666667,880.333333333,1459,2398,1158.5,747.5,577," 15:21:01","22/03/2011",2416.5,35,"Block 5:",1187.66666667
1071,"NA",1245.33333333," 1224","NA"," 20509",754,"NA",2623.66666667,"NA","NA","NA",2616,"NA"," 14:19:28","21/03/2011",774,11,"Block 1:","NA"
"NA",810,"NA"," 1224",592," 9894","NA",2869,"NA",519,719,686,"NA",641.5," 14:19:28","21/03/2011","NA",12,"Block 2:",513
610,1006,1094," 1224",813," 32881",889,902.75,1014,691.333333333,968.75,1152,715.166666667,732," 14:19:28","21/03/2011",1455,32,"Block 3:",621
473,"NA",766.333333333," 1224","NA"," 8909",587.333333333,"NA","NA","NA","NA","NA",560.5,"NA"," 14:19:28","21/03/2011",1390.5,12,"Block 4:","NA"
986,691,1532.4," 1224",1000," 44829",1118,1099.2,1668,1436.33333333,1071.5,1375,1160.66666667,1079," 14:19:28","21/03/2011",1092.5,30,"Block 5:",1782.33333333
899.5,"NA",851.666666667," 1234","NA"," 11503",836.5,"NA",881,"NA","NA","NA","NA","NA"," 16:21:22","05/04/2011",1952,12,"Block 1:","NA"
"NA",906,"NA"," 1234",834," 12201","NA",1242,"NA",1006,"NA","NA","NA",924," 16:21:22","05/04/2011","NA",12,"Block 2:",861.5
838,"NA",831," 1234",958," 36474",929.5,1033.5,797,1340,1567.4,997,877,892," 16:21:22","05/04/2011",949,36,"Block 3:",866.333333333
688,"NA",3361," 1234","NA"," 11576",811.25,"NA",776.666666667,"NA","NA","NA",665,"NA"," 16:21:22","05/04/2011",599,12,"Block 4:","NA"
814,1953.5,1100.5," 1234",875.75," 46383",1265,1213,1148.33333333,1056,2282.66666667,1333.5,718.5,1358," 16:21:22","05/04/2011",1587.5,36,"Block 5:",1478
497,"NA",591," 1243","NA"," 6933",559,"NA",561.5,"NA","NA","NA",714.666666667,"NA"," 16:51:52","18/01/2011",512.5,12,"Block 1:","NA"
"NA",597,"NA"," 1243",608.5," 9233","NA",549,"NA",605,1472,572,"NA",758.5," 16:51:52","18/01/2011","NA",12,"Block 2:",616
585,738.75,886," 1243",811," 31263",870.5,885.5,616.333333333,868,748,775.5,549,981.75," 16:51:52","18/01/2011",1227.33333333,36,"Block 3:",815.333333333
694,"NA",979.5," 1243","NA"," 11255",645,"NA",1526.66666667,"NA","NA","NA",667,"NA"," 16:51:52","18/01/2011",661,11,"Block 4:","NA"
1693.5,1054.5,725," 1243",1083," 43069",935.666666667,2518.5,1504,635,1603,1514,886.333333333,1023.5," 16:51:52","18/01/2011",622.5,30,"Block 5:",1513.5
733.5,"NA",1101.5," 1321","NA"," 10888",771,"NA",1001,"NA","NA","NA",1116.5,"NA"," 14:15:54","24/02/2011",720.5,11,"Block 1:","NA"
"NA",1079,"NA"," 1321","NA"," 11082","NA",999.666666667,"NA",870,962.333333333,990,"NA",742.5," 14:15:54","24/02/2011","NA",12,"Block 2:",772
1029.33333333,960.25,847.333333333," 1321",1178," 37382",896.5,1089.25,599,"NA",928.75,2149,1030.5,1042," 14:15:54","24/02/2011",747,33,"Block 3:",1534.66666667
1109.5,"NA",693," 1321","NA"," 9348",603.5,"NA",741.4,"NA","NA","NA",761,"NA"," 14:15:54","24/02/2011","NA",12,"Block 4:","NA"
724,1463.33333333,1087.5," 1321",1521.4," 45893",1263.6,1039.8,706.5,2079.5,843,"NA",1158,1858.5," 14:15:54","24/02/2011",1440,33,"Block 5:",1276
892.5,"NA",1912," 1358","NA"," 13027",675,"NA",946.666666667,"NA","NA","NA",823.5,"NA"," 16:37:29","29/03/2011",1128,12,"Block 1:","NA"
"NA","NA","NA"," 1358",884," 10163","NA",916.5,"NA",921.75,780,752.5,"NA",773," 16:37:29","29/03/2011","NA",12,"Block 2:",701
1710,1072,900," 1358",1620," 40849",817,1112,1489.25,908.5,1193.33333333,1215.5,729,828.5," 16:37:29","29/03/2011",975,33,"Block 3:",727.5
702,"NA",735.333333333," 1358","NA"," 12770",706,"NA",731,"NA","NA","NA",1468.5,"NA"," 16:37:29","29/03/2011",1585.66666667,11,"Block 4:","NA"
1204,916,1254," 1358",705," 39422",781.75,1060.66666667,"NA",753.2,1061.33333333,1882,1076,2000.66666667," 16:37:29","29/03/2011",1087.33333333,32,"Block 5:",1280.33333333
2851,"NA",2419.5," 1441","NA"," 35230",1915.66666667,"NA",2213,"NA","NA","NA",3937,"NA"," 14:19:32","25/03/2011",3902,2,"Block 1:","NA"
"NA",1239,"NA"," 1441",2003.66666667," 19152","NA",2718,"NA",655,983.5,2491,"NA",1465," 14:19:32","25/03/2011","NA",11,"Block 2:",1303
901.5,1175.33333333,1000," 1441","NA"," 47773",776,2487,2626.66666667,1499,1039,902.5,1037.66666667,1302.5," 14:19:32","25/03/2011",1755.75,33,"Block 3:",1340
825,"NA",680," 1441","NA"," 15981",2396.66666667,"NA",614,"NA","NA","NA",909.5,"NA"," 14:19:32","25/03/2011",1213.25,11,"Block 4:","NA"
718.75,1653,1058," 1441",930," 38766",683.5,986,837.2,1163,2407.66666667,799,1056.75,1285.5," 14:19:32","25/03/2011",803.5,32,"Block 5:",1979
1042.5,"NA",1544," 1580","NA"," 14672",1138.5,"NA",1233,"NA","NA","NA",1134.5,"NA"," 15:22:07","31/03/2011",1451,12,"Block 1:","NA"
"NA",1054,"NA"," 1580",1193," 13095","NA",1183.33333333,"NA",753,"NA",1235.33333333,"NA",878," 15:22:07","31/03/2011","NA",12,"Block 2:",907
798,1135.66666667,1076," 1580",1016," 37355",1024.6,"NA",1197,965,792,964.857142857,1068.33333333,1321.5," 15:22:07","31/03/2011",1047.66666667,36,"Block 3:",896.666666667
950.5,"NA","NA"," 1580","NA"," 11345",894,"NA",989.5,"NA","NA","NA",916,"NA"," 15:22:07","31/03/2011",947.8,12,"Block 4:","NA"
1048.25,1202.33333333,987.5," 1580",1610," 41410",1431.33333333,734,1068.5,2236.5,832.75,970,939,1104.5," 15:22:07","31/03/2011",758,36,"Block 5:",898
750.5,"NA",756.666666667," 1604","NA"," 9012",580,"NA",880.333333333,"NA","NA","NA","NA","NA"," 12:28:15","08/04/2011",673.333333333,12,"Block 1:","NA"
"NA",691,"NA"," 1604","NA"," 10517","NA",694,"NA",988.5,770,852,"NA",1163.33333333," 12:28:15","08/04/2011","NA",12,"Block 2:",674.5
1353,975.666666667,662," 1604",860," 34572",856.166666667,832,582.5,1355,1595.5,685.5,900,786.5," 12:28:15","08/04/2011",945.2,33,"Block 3:",868
1408,"NA",530," 1604","NA"," 11746",1066.33333333,"NA",1147.75,"NA","NA","NA","NA","NA"," 12:28:15","08/04/2011",672.666666667,11,"Block 4:","NA"
1158,2280,1235.2," 1604",1574.75," 47079",1419.5,"NA",675,1099,771.5,1034.33333333,1332,1517.75," 12:28:15","08/04/2011",1337,28,"Block 5:",776
991.666666667,"NA",1006," 1617","NA"," 20457",1282.5,"NA","NA","NA","NA","NA",1921,"NA"," 11:23:42","23/03/2011",3326,11,"Block 1:","NA"
"NA",696,"NA"," 1617",738," 12224","NA",645,"NA",782,1673,1058,"NA",888," 11:23:42","23/03/2011","NA",12,"Block 2:",808
546,859,663," 1617",637," 31200",1487.33333333,642.5,794,877.8,"NA",1200.75,602,737.333333333," 11:23:42","23/03/2011",895.5,32,"Block 3:",677
747.5,"NA",669," 1617","NA"," 14224",857,"NA",730,"NA","NA","NA",1392.5,"NA"," 11:23:42","23/03/2011",2054,10,"Block 4:","NA"
1279,1420,1398," 1617",1662," 51005",1068,2688,1692.66666667,1376.5,1125,1133.5,1068.8,1287," 11:23:42","23/03/2011",1440.5,35,"Block 5:","NA"
2245,"NA",832," 1717","NA"," 12491",725,"NA",749.5,"NA","NA","NA",815,"NA"," 11:21:28","08/04/2011",834,12,"Block 1:","NA"
"NA",1551.5,"NA"," 1717",631," 10495","NA","NA","NA",642,1048,714,"NA",634.25," 11:21:28","08/04/2011","NA",12,"Block 2:",1189
583.75,"NA",1010.75," 1717",579.5," 29413",542.333333333,1449,717.5,618.5,701.5,832,869,578," 11:21:28","08/04/2011",1106,35,"Block 3:",677.666666667
656.5,"NA",1973.5," 1717","NA"," 10447",629.666666667,"NA",739,"NA","NA","NA",624.5,"NA"," 11:21:28","08/04/2011",571,11,"Block 4:","NA"
2289.75,3485,2510.66666667," 1717",1962.33333333," 83334",2701,2231,1299.33333333,1995,2780.5,2897.5,2455,1971.25," 11:21:28","08/04/2011",1254.5,28,"Block 5:",3179.5
631,"NA",674," 1748","NA"," 8521",776,"NA",666.25,"NA","NA","NA",713,"NA"," 10:25:58","21/03/2011",783,9,"Block 1:","NA"
"NA",663,"NA"," 1748",676," 10039","NA",665,"NA",1056,726,1212,"NA",938," 10:25:58","21/03/2011","NA",12,"Block 2:","NA"
807.4,953.833333333,823," 1748",588.5," 28714",554,824,765.666666667,682,735.666666667,876,688.5,661," 10:25:58","21/03/2011",934.5,36,"Block 3:","NA"
413,"NA",527," 1748","NA"," 7108",530.333333333,"NA",458,"NA","NA","NA",441,"NA"," 10:25:58","21/03/2011",805,12,"Block 4:","NA"
465.2,947.5,663.8," 1748",586.5," 26984",710.333333333,1297.33333333,828,782,874,661,525,539," 10:25:58","21/03/2011",570,30,"Block 5:",1000.66666667
707,"NA",3165," 1810","NA"," 18126","NA","NA",703,"NA","NA","NA",839.333333333,"NA"," 12:17:32","01/03/2011",2154,11,"Block 1:","NA"
"NA","NA","NA"," 1810",833," 11106","NA",725,"NA",723.5,2002,"NA","NA",645," 12:17:32","01/03/2011","NA",10,"Block 2:",1223
866,1451,969.333333333," 1810",409," 37290",1268.8,724.75,945,1015,1796,818,994.5,821," 12:17:32","01/03/2011",1410.66666667,33,"Block 3:",842
530.333333333,"NA","NA"," 1810","NA"," 9449",532,"NA",1203,"NA","NA","NA",764,"NA"," 12:17:32","01/03/2011",729.666666667,11,"Block 4:","NA"
673,929,989," 1810",910," 45678",1048,779,1018,1233,1632,1103,956,2218.25," 12:17:32","01/03/2011",1848.75,31,"Block 5:",1437.66666667
649,"NA",1771.25," 1843","NA"," 16429",1652,"NA",972.333333333,"NA","NA","NA","NA","NA"," 13:26:59","07/04/2011",1375.33333333,9,"Block 1:","NA"
"NA",913,"NA"," 1843",744.333333333," 10979","NA",836.5,"NA",1368,"NA","NA","NA",684," 13:26:59","07/04/2011","NA",10,"Block 2:",913.5
587.666666667,"NA",596.666666667," 1843",953.666666667," 27891",898.8,764.75,585.5,776.666666667,542.5,1033.33333333,853,730.5," 13:26:59","07/04/2011",860,33,"Block 3:",743
651.8,"NA",796," 1843","NA"," 10359",1883,"NA",1251,"NA","NA","NA",639.666666667,"NA"," 13:26:59","07/04/2011","NA",11,"Block 4:","NA"
1248,1157,976.2," 1843",1691.75," 38536",880.666666667,"NA",1438.5,722.333333333,952,847.25,1665,1103.33333333," 13:26:59","07/04/2011",838.25,28,"Block 5:",1067
743.333333333,"NA",611.5," 1879","NA"," 8234",719,"NA",938,"NA","NA","NA","NA","NA"," 12:04:36","18/01/2011",562,11,"Block 1:","NA"
"NA","NA","NA"," 1879",1409," 7958","NA",622.5,"NA",562,549,609,"NA",647," 12:04:36","18/01/2011","NA",12,"Block 2:",589.5
678,1414,736.5," 1879",734.25," 26323",692,649.5,700.333333333,829.8,"NA",692.5,634.666666667,702.333333333," 12:04:36","18/01/2011",739,35,"Block 3:",651
1018,"NA",542," 1879","NA"," 8583",920,"NA",627,"NA","NA","NA",510,"NA"," 12:04:36","18/01/2011",469.5,11,"Block 4:","NA"
689,1062,1200," 1879",993," 35571",694,1355.16666667,651.5,1622,1220,1019,773.5,897.2," 12:04:36","18/01/2011",937,36,"Block 5:","NA"
1137.5,"NA",1146," 1903","NA"," 17934",1211,"NA","NA","NA","NA","NA",786,"NA"," 10:27:12","18/01/2011",2748,11,"Block 1:","NA"
"NA","NA","NA"," 1903",821," 9607","NA",946.666666667,"NA",682,731,844,"NA",738.5," 10:27:12","18/01/2011","NA",12,"Block 2:",637
840,1081.33333333,1229.66666667," 1903",714.6," 30464","NA",701,899,771,747.333333333,625,754,861.2," 10:27:12","18/01/2011",813.5,35,"Block 3:",831
554.5,"NA",874," 1903","NA"," 11780",1273,"NA",1497.5,"NA","NA","NA","NA","NA"," 10:27:12","18/01/2011",570,11,"Block 4:","NA"
1097,1528,2408," 1903",1072," 55454",998,1613.5,1415.25,1671.33333333,1155,2009,1177.25,1992.75," 10:27:12","18/01/2011",1657.66666667,36,"Block 5:",2159
749.333333333,"NA",820," 1911","NA"," 9697",693,"NA",1164.5,"NA","NA","NA",697.5,"NA"," 15:28:14","25/01/2011",696,12,"Block 1:","NA"
"NA",629,"NA"," 1911",733," 11651","NA",838,"NA",1262.5,1010,1203,"NA","NA"," 15:28:14","25/01/2011","NA",12,"Block 2:",668
668.4,947,2006.4," 1911",878.5," 43023",963.666666667,902,1187,790,1154,1314,938.666666667,1415," 15:28:14","25/01/2011",1808,35,"Block 3:",1446.5
667,"NA",1438," 1911","NA"," 13997","NA","NA",2096,"NA","NA","NA",915,"NA"," 15:28:14","25/01/2011",867.333333333,11,"Block 4:","NA"
1029.5,3749.5,1433," 1911",818," 60315",1960.66666667,1322,1666.8,1489.66666667,2116,1965.33333333,871.333333333,2124.5," 15:28:14","25/01/2011",819,36,"Block 5:","NA"
620,"NA",813," 1923","NA"," 11769",679.25,"NA",3426,"NA","NA","NA","NA","NA"," 12:30:04","18/03/2011",855.666666667,12,"Block 1:","NA"
"NA",792,"NA"," 1923",756.5," 8318","NA","NA","NA",502,772,621,"NA",580.666666667," 12:30:04","18/03/2011","NA",12,"Block 2:","NA"
552.5,731,755.333333333," 1923",609," 31271",670.5,536,1000.6,877,716,882,841.666666667,953," 12:30:04","18/03/2011",3309,35,"Block 3:",838
741.5,"NA",1864," 1923","NA"," 9878",915,"NA",995,"NA","NA","NA",679,"NA"," 12:30:04","18/03/2011",635,12,"Block 4:","NA"
729,780,773.25," 1923",1005," 34695",1417,1908,815.857142857,1969,974,563,987,1140," 12:30:04","18/03/2011",733.333333333,35,"Block 5:",588
885.333333333,"NA",1182.66666667," 1956","NA"," 13800",1392,"NA",1014,"NA","NA","NA","NA","NA"," 12:20:49","16/02/2011","NA",12,"Block 1:","NA"
"NA",1238.5,"NA"," 1956",915.5," 12529","NA",961,"NA",983,1221,1156,"NA",979.666666667," 12:20:49","16/02/2011","NA",12,"Block 2:","NA"
1060.75,1163,1101.8," 1956","NA"," 36905",836.333333333,938.333333333,935,905,1273,1036,1258,736," 12:20:49","16/02/2011",846,36,"Block 3:",1372
1016,"NA",907," 1956","NA"," 12912",918,"NA",874,"NA","NA","NA",700,"NA"," 12:20:49","16/02/2011",1449.5,12,"Block 4:","NA"
863.75,1109,1129," 1956",980," 38242",1072.33333333,"NA",968,1067.66666667,1129.33333333,1565,665.5,1247," 12:20:49","16/02/2011",1045.5,36,"Block 5:",1068.66666667
819.5,"NA",2654.5," 19562","NA"," 13151",1091.5,"NA",639,"NA","NA","NA",698.666666667,"NA"," 15:38:19","30/03/2011",642.5,12,"Block 1:","NA"
"NA","NA","NA"," 19562",765," 17384","NA",1249,"NA",937,2928.66666667,1440,"NA",631," 15:38:19","30/03/2011","NA",12,"Block 2:","NA"
942.5,753,1036.5," 19562",648," 35363",1932.33333333,1066.66666667,600,797.333333333,681.75,1060.66666667,733.75,670.5," 15:38:19","30/03/2011",1176.66666667,36,"Block 3:",1449.5
1151,"NA","NA"," 19562","NA"," 18314",1139.33333333,"NA",2364,"NA","NA","NA",2164,"NA"," 15:38:19","30/03/2011",1193.5,12,"Block 4:","NA"
1513.75,707.5,1656," 19562",1979.33333333," 72477",1919.66666667,2148.5,5923,741.5,2767,"NA",1257.5,2901.66666667," 15:38:19","30/03/2011",1604,34,"Block 5:",765
1254,"NA","NA"," 19563","NA"," 14721",976.333333333,"NA",559.5,"NA","NA","NA",668,"NA"," 13:12:46","11/04/2011",1874.25,10,"Block 1:","NA"
"NA",821,"NA"," 19563",1243," 9318","NA",695.5,"NA",532,1159.5,743,"NA",573," 13:12:46","11/04/2011","NA",12,"Block 2:",591
677.666666667,902,705.5," 19563",993," 30235",668.5,611.5,1208.8,766.25,"NA",924,819.5,630," 13:12:46","11/04/2011",638,36,"Block 3:",1061.33333333
489.5,"NA",866," 19563","NA"," 7860",569.5,"NA",618,"NA","NA","NA",833.666666667,"NA"," 13:12:46","11/04/2011",585.666666667,12,"Block 4:","NA"
530.5,"NA",797.2," 19563",1084.25," 31220",769,1266.5,1126,972.5,826.25,890,605.5,1039," 13:12:46","11/04/2011",760.666666667,34,"Block 5:",991
582.333333333,"NA",887," 1970","NA"," 16632",2092,"NA",764.666666667,"NA","NA","NA","NA","NA"," 11:15:21","28/03/2011",3316.5,12,"Block 1:","NA"
"NA",1083,"NA"," 1970",1120," 14125","NA",810,"NA",2919,769,1275,"NA",834.5," 11:15:21","28/03/2011","NA",12,"Block 2:","NA"
"NA",4070,1490," 1970",1701.5," 62571",1088.5,2127,750,1736.33333333,1703,2062,922.5,3539.5," 11:15:21","28/03/2011",1941.8,34,"Block 3:",1032.5
641.5,"NA",694," 1970","NA"," 10913",766,"NA",926.5,"NA","NA","NA",627.5,"NA"," 11:15:21","28/03/2011",1801,12,"Block 4:","NA"
867,2394.33333333,1302.5," 1970",1391.5," 49236",1172.5,2071.5,962,1394,1748.4,1412,823,1349.66666667," 11:15:21","28/03/2011",697.75,36,"Block 5:",1111
901,"NA",2113," 1986","NA"," 22364",4668.5,"NA",1547,"NA","NA","NA",1022,"NA"," 14:44:18","24/03/2011",1136,11,"Block 1:","NA"
"NA","NA","NA"," 1986",698," 11854","NA",782.333333333,"NA",971,960,"NA","NA",1400," 14:44:18","24/03/2011","NA",12,"Block 2:",892.666666667
694,823.5,837.6," 1986",843.5," 34673",1329.4,1102,947,989.5,806,791.666666667,1578,845," 14:44:18","24/03/2011",778,36,"Block 3:",751.5
767,"NA",1186," 1986","NA"," 14061",866.25,"NA",1925.33333333,"NA","NA","NA",914,"NA"," 14:44:18","24/03/2011","NA",11,"Block 4:","NA"
941,977,1079," 1986","NA"," 47049",1849.6,1150.66666667,1245.75,1215.5,1112,1025,2072.5,876," 14:44:18","24/03/2011",1510.5,35,"Block 5:",1047
869,"NA",914," 1987","NA"," 11059",986.5,"NA",1055.66666667,"NA","NA","NA",802.5,"NA"," 16:14:42","25/03/2011",831,12,"Block 1:","NA"
"NA",1400.5,"NA"," 1987","NA"," 9706","NA",591.333333333,"NA",830.5,"NA","NA","NA",709.333333333," 16:14:42","25/03/2011","NA",12,"Block 2:",671
751,807.333333333,599.333333333," 1987",648," 28288",593,852,824.5,604,"NA",591,1740,685.333333333," 16:14:42","25/03/2011",691,36,"Block 3:",825.5
821,"NA","NA"," 1987","NA"," 11339",1160,"NA",689,"NA","NA","NA",992,"NA"," 16:14:42","25/03/2011",678,12,"Block 4:","NA"
790,1065,1220.5," 1987",1078," 44293",721,"NA",984.333333333,870.666666667,1123,1031,982.5,1466," 16:14:42","25/03/2011",1663.83333333,35,"Block 5:",2023.33333333
"NA","NA",1807.33333333," 1991","NA"," 19994",2603,"NA",1082.75,"NA","NA","NA",1039,"NA"," 15:04:41","02/03/2011",1393,12,"Block 1:","NA"
"NA",1250,"NA"," 1991",1752," 20844","NA",1016.5,"NA",2002,3857,1957,"NA","NA"," 15:04:41","02/03/2011","NA",12,"Block 2:",1061
1148,"NA",1189.5," 1991",2520.33333333," 47521",1475,1669,1180,845.5,1102.75,1151.75,850.333333333,948.5," 15:04:41","02/03/2011",2539,36,"Block 3:",914
2180,"NA",2500.5," 1991","NA"," 22934",4563,"NA",780,"NA","NA","NA",1130,"NA"," 15:04:41","02/03/2011",1263.33333333,11,"Block 4:","NA"
1299.5,1911.66666667,3922.66666667," 1991",2972," 74849",3783.5,1261,1478.5,1291.5,1348,2407,1701.5,1063," 15:04:41","02/03/2011",4093,32,"Block 5:",1836.66666667
953,"NA",627.333333333," 19912","NA"," 7959",551,"NA",597,"NA","NA","NA",635.5,"NA"," 16:23:23","15/03/2011",600.5,12,"Block 1:","NA"
"NA",649,"NA"," 19912",612," 8398","NA",950.666666667,"NA",525,652.333333333,561,"NA",621," 16:23:23","15/03/2011","NA",12,"Block 2:","NA"
679.25,725.5,1204.5," 19912",700.333333333," 29136",1059,576,771,1294,685.333333333,598.4,680,739," 16:23:23","15/03/2011",1408,33,"Block 3:",648
"NA","NA","NA"," 19912","NA"," 8342",757.2,"NA",495,"NA","NA","NA",665.333333333,"NA"," 16:23:23","15/03/2011",688.333333333,12,"Block 4:","NA"
626,951.75,723.5," 19912",756," 31503",1525.33333333,763,860,"NA",879,698.5,1081,698," 16:23:23","15/03/2011",873.25,33,"Block 5:",789
468.5,"NA",1155," 2003","NA"," 9385",1211,"NA",672,"NA","NA","NA","NA","NA"," 13:16:25","19/01/2011",548,12,"Block 1:","NA"
"NA",802.666666667,"NA"," 2003","NA"," 9756","NA","NA","NA",1149.5,698.333333333,761,"NA",792," 13:16:25","19/01/2011","NA",12,"Block 2:",640
713.5,835.5,832," 2003",618.8," 27767",936.333333333,640,675.5,1028.25,722.75,633.5,966.666666667,612," 13:16:25","19/01/2011",615,34,"Block 3:",530
939,"NA",1109," 2003","NA"," 12048",1096.5,"NA",1480,"NA","NA","NA",504,"NA"," 13:16:25","19/01/2011",788,9,"Block 4:","NA"
1105.66666667,1047,1678.33333333," 2003",1372," 60760",2143,1089,2735,986,2748.66666667,1575.66666667,1299.25,1466.25," 13:16:25","19/01/2011",2180.25,30,"Block 5:",1633
1018.5,"NA",660," 2069","NA"," 8700",599,"NA",667,"NA","NA","NA",737.5,"NA"," 12:22:52","02/03/2011",563.5,12,"Block 1:","NA"
"NA",694.666666667,"NA"," 2069",926.5," 8819","NA",614.333333333,"NA","NA",872,"NA","NA",652," 12:22:52","02/03/2011","NA",12,"Block 2:",757.5
767.333333333,713.5,"NA"," 2069",892.75," 34182",958,2571,1074.5,906,817,963,686.666666667,804.8," 12:22:52","02/03/2011",1294,34,"Block 3:",1135.5
668,"NA",1447.5," 2069","NA"," 12887",759,"NA",941,"NA","NA","NA","NA","NA"," 12:22:52","02/03/2011",953,11,"Block 4:","NA"
732.75,859.5,824.333333333," 2069",1234.25," 33806",759,783,756.666666667,874.666666667,778.5,822,741,1303," 12:22:52","02/03/2011",1165.5,35,"Block 5:",1045.25
975.333333333,"NA","NA"," 2198","NA"," 9512",1198,"NA",663,"NA","NA","NA",527,"NA"," 13:12:29","07/03/2011",573.5,11,"Block 1:","NA"
"NA",606.333333333,"NA"," 2198",602," 7910","NA","NA","NA",568,501,946.5,"NA",582," 13:12:29","07/03/2011","NA",12,"Block 2:",688.5
528.333333333,632.666666667,571.2," 2198",652.5," 25532",950.333333333,544,1029.33333333,662.5,1272,"NA",664,1381," 13:12:29","07/03/2011",503,35,"Block 3:",531.5
449,"NA",1089.5," 2198","NA"," 7960",595.5,"NA",614.5,"NA","NA","NA",621,"NA"," 13:12:29","07/03/2011",524.5,11,"Block 4:","NA"
609,1095.83333333,975.25," 2198",810.5," 31567","NA",958,"NA",1415,"NA",934.75,695,712," 13:12:29","07/03/2011",805,35,"Block 5:",913.5
579,"NA",452.5," 2212","NA"," 8416",467.5,"NA",597,"NA","NA","NA",595,"NA"," 17:17:42","28/01/2011",1056.5,12,"Block 1:","NA"
"NA",909,"NA"," 2212",1168.5," 8595","NA",585,"NA",634,502,471,"NA",629.666666667," 17:17:42","28/01/2011","NA",10,"Block 2:","NA"
"NA",563.333333333,509.666666667," 2212",593," 24891",801,913.666666667,543,504,734.75,738.5,606,616.333333333," 17:17:42","28/01/2011",715,35,"Block 3:",1114
1019.5,"NA",574.25," 2212","NA"," 8258",498,"NA",475.5,"NA","NA","NA",430,"NA"," 17:17:42","28/01/2011",1021.5,11,"Block 4:","NA"
729,1132.5,728," 2212",792.333333333," 35752",733,827.8,659,2123,2123,749.75,895,920," 17:17:42","28/01/2011",808,28,"Block 5:",847.666666667
567,"NA",483.666666667," 2232","NA"," 8159",1437,"NA",892.5,"NA","NA","NA",645.5,"NA"," 15:22:07","21/01/2011",542.666666667,11,"Block 1:","NA"
"NA",651.5,"NA"," 2232","NA"," 7175","NA",538.5,"NA",524,"NA",418,"NA",1201," 15:22:07","21/01/2011","NA",11,"Block 2:",527
576.4,1517.33333333,574.25," 2232",576," 28944",748,913,790.333333333,733.25,"NA",1088,839,613," 15:22:07","21/01/2011",673.5,35,"Block 3:","NA"
413,"NA","NA"," 2232","NA"," 7318",832,"NA",519.666666667,"NA","NA","NA",492.666666667,"NA"," 15:22:07","21/01/2011",959,10,"Block 4:","NA"
687.5,930,815," 2232",952.333333333," 36775",1004.33333333,1743,760,1060.5,1298.5,1032,683,1095.66666667," 15:22:07","21/01/2011",1204.5,28,"Block 5:",1202
1797.66666667,"NA",1282," 2245","NA"," 18890",1218,"NA",1106,"NA","NA","NA",2260,"NA"," 17:23:05","30/03/2011",2743,12,"Block 1:","NA"
"NA",1717,"NA"," 2245",1653," 20716","NA",6499,"NA","NA",906,1113,"NA",1228," 17:23:05","30/03/2011","NA",12,"Block 2:",944.5
1246,2112,1538.66666667," 2245",1592," 60548",1491.33333333,"NA",1087.8,1559.5,3491,2161.4,847.666666667,1131.75," 17:23:05","30/03/2011",2575.6,33,"Block 3:","NA"
851,"NA",1768," 2245","NA"," 18999",893.5,"NA",1073,"NA","NA","NA",3308,"NA"," 17:23:05","30/03/2011",1717,11,"Block 4:","NA"
853,3038.5,2941," 2245",1161.5," 91763",1775.2,3355.4,3931,1846,2599,5815.5,1747.25,1967," 17:23:05","30/03/2011",1522,30,"Block 5:",4099
1474,"NA","NA"," 2345","NA"," 15490",1659.5,"NA",727,"NA","NA","NA",1138,"NA"," 13:22:35","01/04/2011",1036,12,"Block 1:","NA"
"NA",814.666666667,"NA"," 2345",815," 11290","NA",1616,"NA",756,1234,711,"NA",1078.5," 13:22:35","01/04/2011","NA",12,"Block 2:",778.5
853.333333333,4094.5,810," 2345",1546," 60261",838.5,928.333333333,1341,2339,1167.33333333,934,1025.5,"NA"," 13:22:35","01/04/2011",1965.66666667,36,"Block 3:",1511.5
763,"NA",944.25," 2345","NA"," 11682",2130,"NA",885,"NA","NA","NA",816,"NA"," 13:22:35","01/04/2011",839.5,12,"Block 4:","NA"
5340.33333333,1148,"NA"," 2345",1924," 84903",1574.66666667,1985.6,2405,3428,1711,"NA",1089.66666667,1142," 13:22:35","01/04/2011",3786.25,35,"Block 5:",1189.25
530.5,"NA",620," 2385","NA"," 7954",758.666666667,"NA","NA","NA","NA","NA",739.5,"NA"," 13:20:08","06/04/2011",728.5,11,"Block 1:","NA"
"NA",1526,"NA"," 2385","NA"," 8570","NA",666,"NA","NA",550.5,699,"NA",564.5," 13:20:08","06/04/2011","NA",12,"Block 2:",719
723.4,797,1339," 2385",963," 32583",688,1665.5,616.75,925.5,979.666666667,1008.66666667,546,1260," 13:20:08","06/04/2011",935,34,"Block 3:",733.333333333
666,"NA",1053.66666667," 2385","NA"," 9483",777,"NA",651,"NA","NA","NA",707,"NA"," 13:20:08","06/04/2011",630,12,"Block 4:","NA"
591.5,1421,718," 2385",2432," 31860",656.25,1145.5,814.5,798,"NA",790,667.666666667,860," 13:20:08","06/04/2011",689,35,"Block 5:",856.5
555,"NA",716," 2456","NA"," 8856",1320.5,"NA",551,"NA","NA","NA",685.25,"NA"," 12:46:03","17/01/2011",548.5,12,"Block 1:","NA"
"NA",707,"NA"," 2456",586," 9265","NA",1187,"NA",673,"NA",659,"NA",610.25," 12:46:03","17/01/2011","NA",12,"Block 2:",1118
617.2,701,613," 2456",822," 29924",883.5,602,799.666666667,971.5,722.4,761,1408,1537.33333333," 12:46:03","17/01/2011","NA",36,"Block 3:",645.5
552.5,"NA",1659," 2456","NA"," 8264",615,"NA",509.333333333,"NA","NA","NA",740,"NA"," 12:46:03","17/01/2011",568.5,12,"Block 4:","NA"
658,845.5,794," 2456",1012.5," 35569",1130.33333333,1178.75,836.5,1118,1112,1483,777,1224.33333333," 12:46:03","17/01/2011",822,34,"Block 5:",999
642.25,"NA",585.5," 2510","NA"," 9116",575,"NA",606,"NA","NA","NA","NA","NA"," 12:27:54","24/03/2011",1196.33333333,12,"Block 1:","NA"
"NA",1568,"NA"," 2510",651," 10410","NA",732.5,"NA",915,"NA","NA","NA","NA"," 12:27:54","24/03/2011","NA",12,"Block 2:",665.6
799.2,"NA",719.75," 2510",1194," 34449",1168.5,954.333333333,675,797.333333333,664,787.5,646,1479.5," 12:27:54","24/03/2011",1532,35,"Block 3:",773.5
949.5,"NA",660," 2510","NA"," 10845",972,"NA",504,"NA","NA","NA",1154.5,"NA"," 12:27:54","24/03/2011",1049,11,"Block 4:","NA"
552.75,1413.5,970.333333333," 2510",1735," 41295",840.5,2898,630,"NA",1325,1621.5,733.5,734.5," 12:27:54","24/03/2011",841.666666667,33,"Block 5:",1151.33333333
707,"NA",851," 2610","NA"," 9984",815.666666667,"NA",639,"NA","NA","NA",762,"NA"," 11:16:34","21/03/2011",984.75,12,"Block 1:","NA"
"NA",1252.5,"NA"," 2610",1463.5," 12112","NA",1122,"NA",661,731.5,"NA","NA",960," 11:16:34","21/03/2011","NA",11,"Block 2:",824.666666667
774.666666667,1078.6,920," 2610",709," 32088",1092.33333333,996.333333333,677.5,790.666666667,767,1838,659.666666667,885," 11:16:34","21/03/2011",836,35,"Block 3:",768
506.5,"NA",740," 2610","NA"," 8418",616,"NA",626.333333333,"NA","NA","NA",604.666666667,"NA"," 11:16:34","21/03/2011",1178,11,"Block 4:","NA"
"NA",1232.16666667,869.8," 2610",924.5," 34653",1262,798,815.333333333,1258,805,877,832.2,603," 11:16:34","21/03/2011",780,34,"Block 5:",892
595,"NA",781.5," 2634","NA"," 19446",1540.66666667,"NA",3174,"NA","NA","NA",552,"NA"," 17:09:33","20/01/2011",1296,12,"Block 1:","NA"
"NA",619,"NA"," 2634",598," 10381","NA",618,"NA","NA",2052.5,889,"NA",549," 17:09:33","20/01/2011","NA",12,"Block 2:",588.666666667
768.333333333,906.333333333,1001," 2634",707," 38044",1369.33333333,726.5,755,1345,1270,945,699,617," 17:09:33","20/01/2011",2012,35,"Block 3:",998.5
626,"NA",717," 2634","NA"," 12926",4029,"NA",789,"NA","NA","NA",771.333333333,"NA"," 17:09:33","20/01/2011",915.5,11,"Block 4:","NA"
717,1486,1299.5," 2634",609," 40087",2152.5,1408.66666667,677.333333333,1151,1026.66666667,1233,1290,735.5," 17:09:33","20/01/2011",1018,35,"Block 5:",814
669,"NA",845.5," 2679","NA"," 11487",1619,"NA",838.5,"NA","NA","NA",882,"NA"," 11:12:33","24/02/2011",826.5,12,"Block 1:","NA"
"NA",1081,"NA"," 2679",840.5," 11055","NA",811,"NA","NA",866,794,"NA",817.666666667," 11:12:33","24/02/2011","NA",12,"Block 2:",1251.5
603,1071,574," 2679",1190.5," 31780",707.5,"NA",1100.75,912.5,1252.5,670,869,784," 11:12:33","24/02/2011",715,34,"Block 3:",617
"NA","NA",934," 2679","NA"," 11655",986.5,"NA",563.666666667,"NA","NA","NA",849,"NA"," 11:12:33","24/02/2011",1475,12,"Block 4:","NA"
1041,1183.6,1695.33333333," 2679",1407.5," 46712",1787,1317,1284,1119,2174,1150.66666667,1149,902," 11:12:33","24/02/2011",1040.5,33,"Block 5:",1761.5
665.666666667,"NA",901," 2712","NA"," 8967",850.5,"NA","NA","NA","NA","NA",663,"NA"," 14:11:27","18/01/2011",620,12,"Block 1:","NA"
"NA",1020.66666667,"NA"," 2712","NA"," 9591","NA",725,"NA",629.5,765,813,"NA",677," 14:11:27","18/01/2011","NA",12,"Block 2:",712
813,911,771," 2712",1120," 31287",806.5,853.333333333,905,1025,790,1047.33333333,811.333333333,916.833333333," 14:11:27","18/01/2011",791,36,"Block 3:",695.666666667
700,"NA",890," 2712","NA"," 9351",711,"NA",702,"NA","NA","NA",934.666666667,"NA"," 14:11:27","18/01/2011",711,12,"Block 4:","NA"
1032.75,888.2,1229.25," 2712",1084.33333333," 35053",1373,827,1853,696.5,686,912.5,921,769," 14:11:27","18/01/2011",924.333333333,34,"Block 5:",727.5
1816,"NA",772," 27122","NA"," 14228",1062.5,"NA",732,"NA","NA","NA",1339.5,"NA"," 16:12:29","13/04/2011",877,12,"Block 1:","NA"
"NA",885.666666667,"NA"," 27122",1847.33333333," 12939","NA",734.333333333,"NA",910,663,"NA","NA",964," 16:12:29","13/04/2011","NA",12,"Block 2:","NA"
1098.5,1244.66666667,726," 27122",743," 31635",945.428571429,696,835.5,773.5,727,"NA",790.666666667,977.333333333," 16:12:29","13/04/2011",504,36,"Block 3:",880
697.5,"NA",1272.66666667," 27122","NA"," 15589",1566.5,"NA",1448.6,"NA","NA","NA","NA","NA"," 16:12:29","13/04/2011","NA",11,"Block 4:","NA"
809,1203,786.25," 27122",1319," 30977",656.5,1268.5,846.5,705,775,596.5,709,817," 16:12:29","13/04/2011",700.75,36,"Block 5:",672
637,"NA",796.5," 2928","NA"," 14377",1336,"NA",2589.5,"NA","NA","NA",641,"NA"," 13:41:35","01/02/2011",773,12,"Block 1:","NA"
"NA",833,"NA"," 2928",2131," 12783","NA",708,"NA",1767,907,978.5,"NA",1038," 13:41:35","01/02/2011","NA",12,"Block 2:",814
846.333333333,887.5,729," 2928",1086.8," 37383",902.5,1468,889,626,1490.2,1032.75,991.6,857.5," 13:41:35","01/02/2011",725,36,"Block 3:",781
1077,"NA",900," 2928","NA"," 20360",1596.5,"NA",879,"NA","NA","NA",732.666666667,"NA"," 13:41:35","01/02/2011",3028.25,11,"Block 4:","NA"
1633.5,"NA",2055," 2928",1523.5," 69068","NA",1816.66666667,1677.5,1837,2616,1582.5,1765.66666667,3979," 13:41:35","01/02/2011",1431.8,34,"Block 5:",1481.5
467,"NA",679," 2983","NA"," 6238",531.25,"NA",500.333333333,"NA","NA","NA",447,"NA"," 15:20:17","13/04/2011",552,12,"Block 1:","NA"
"NA",585,"NA"," 2983",579.5," 7964","NA",680,"NA",542.5,847,599,"NA",872," 15:20:17","13/04/2011","NA",12,"Block 2:","NA"
1106,576,718.25," 2983",894.666666667," 29065",738.333333333,603.5,874.8,787.333333333,1289,653,650,940," 15:20:17","13/04/2011",594,36,"Block 3:",785
805.666666667,"NA",927," 2983","NA"," 11142","NA","NA",966,"NA","NA","NA",1069,"NA"," 15:20:17","13/04/2011",814.5,12,"Block 4:","NA"
728.5,1035,1108.66666667," 2983","NA"," 34148",1136.25,920.666666667,837,1216.6,920.333333333,668.333333333,858.666666667,719," 15:20:17","13/04/2011",622.5,36,"Block 5:",855
815,"NA",835," 3049","NA"," 10146",829,"NA",768.5,"NA","NA","NA",1110,"NA"," 13:20:20","31/03/2011",715.5,12,"Block 1:","NA"
"NA",752,"NA"," 3049",1312.5," 10073","NA",729,"NA",689.5,752,919,"NA",660.5," 13:20:20","31/03/2011","NA",12,"Block 2:",844
648,1056,659," 3049",892.833333333," 28399",1545,"NA",631,677.5,730,"NA",744.2,682," 13:20:20","31/03/2011",797.6,35,"Block 3:",804.666666667
995,"NA",590.5," 3049","NA"," 8300",765,"NA",581,"NA","NA","NA",551,"NA"," 13:20:20","31/03/2011",710,12,"Block 4:","NA"
1040,"NA",717.833333333," 3049",1001.33333333," 29933",606.666666667,992,558,1009,783.166666667,782,749.333333333,1585.5," 13:20:20","31/03/2011",852,33,"Block 5:",649.5
734,"NA",822," 3101","NA"," 16082",708,"NA",1124.4,"NA","NA","NA",903,"NA"," 16:12:24","21/01/2011",2431,12,"Block 1:","NA"
"NA","NA","NA"," 3101",709," 10156","NA",643,"NA",742,1827,819.25,"NA",820," 16:12:24","21/01/2011","NA",12,"Block 2:",714.5
569.5,666.5,1700.5," 3101",646," 30833",693,1104.5,648.666666667,1613.33333333,668.333333333,650.5,597,762," 16:12:24","21/01/2011",949,34,"Block 3:",926
793,"NA",842," 3101","NA"," 11804",1465.33333333,"NA",574.333333333,"NA","NA","NA",1372.5,"NA"," 16:12:24","21/01/2011",652.5,11,"Block 4:","NA"
919,994,2132.5," 3101",1045," 49734",1422,1510.2,1016.2,679,1471.5,1789.5,680,1136," 16:12:24","21/01/2011",834,30,"Block 5:",2793
924.666666667,"NA",2063," 3190","NA"," 12161",776,"NA",1087,"NA","NA","NA",1082,"NA"," 10:55:52","06/04/2011",870,12,"Block 1:","NA"
"NA",970,"NA"," 3190","NA"," 10487","NA",761.5,"NA",798,675,1422,"NA",641.5," 10:55:52","06/04/2011","NA",12,"Block 2:","NA"
1307,775.5,646.833333333," 3190",796," 27652",546,564,700.5,667,"NA",709.5,611.75,655," 10:55:52","06/04/2011",772.75,36,"Block 3:",711.5
699.5,"NA",619," 3190","NA"," 9210",1363,"NA",644.666666667,"NA","NA","NA",669,"NA"," 10:55:52","06/04/2011",625,12,"Block 4:","NA"
2027,1331,1169," 3190",1202," 57082",1844.75,2196.33333333,980.2,2640.33333333,1136,1824.5,3103.5,981," 10:55:52","06/04/2011",1244.75,34,"Block 5:",1034.25
685,"NA",683," 3497","NA"," 8878",925.5,"NA",617.333333333,"NA","NA","NA",867,"NA"," 14:30:07","28/03/2011",523,12,"Block 1:","NA"
"NA",1111,"NA"," 3497",886," 12757","NA",589,"NA",837,1814.5,912,"NA",1148.5," 14:30:07","28/03/2011","NA",12,"Block 2:",805
927,1092.5,568," 3497",1046.66666667," 41596",608.25,1196,736.5,1332.4,1167,1315.5,860.333333333,1894.5," 14:30:07","28/03/2011",1698.66666667,35,"Block 3:",1616.5
1040,"NA",926," 3497","NA"," 13217",571,"NA",1023,"NA","NA","NA",958,"NA"," 14:30:07","28/03/2011",1945.5,12,"Block 4:","NA"
594,1463,897," 3497",1195," 45097",1597.66666667,642,1124.5,1193,975.666666667,1926.75,1334.33333333,1208," 14:30:07","28/03/2011",1336.66666667,34,"Block 5:",906
754,"NA",483," 3580","NA"," 7967",557.5,"NA",528,"NA","NA","NA",559,"NA"," 11:19:18","01/04/2011",895.666666667,12,"Block 1:","NA"
"NA",590,"NA"," 3580","NA"," 8869","NA",482,"NA",594.75,731,"NA","NA",746.666666667," 11:19:18","01/04/2011","NA",12,"Block 2:",1223.5
742.333333333,1220.5,869.333333333," 3580",1629.5," 39116",866.25,864,1431,1127,691.5,"NA",780,681," 11:19:18","01/04/2011",759.5,33,"Block 3:",5580
1253,"NA",856," 3580","NA"," 11240",535,"NA",1071.66666667,"NA","NA","NA",1015,"NA"," 11:19:18","01/04/2011",861,11,"Block 4:","NA"
1002,1521.66666667,835," 3580",802," 41983",1390.5,1087,940.8,1272.33333333,1303.25,1179.5,769.5,1987," 11:19:18","01/04/2011",883,32,"Block 5:","NA"
609,"NA",1027," 3687","NA"," 10197",776,"NA",1641,"NA","NA","NA",601,"NA"," 12:22:13","14/04/2011",622,12,"Block 1:","NA"
"NA",720.5,"NA"," 3687",877," 10563","NA",696,"NA",994.5,1670,833,"NA",629," 12:22:13","14/04/2011","NA",12,"Block 2:",674
704.75,781,964.8," 3687",991.5," 30438",999,739.8,642.666666667,"NA",1413,603,683.666666667,557," 12:22:13","14/04/2011",790,36,"Block 3:",1006
796,"NA",639," 3687","NA"," 9298",569,"NA",733.666666667,"NA","NA","NA",596.5,"NA"," 12:22:13","14/04/2011",1267.5,11,"Block 4:","NA"
728,710,1072.5," 3687","NA"," 40529",1938,1374.8,784,1291,881.5,1101.66666667,1830,1079.4," 12:22:13","14/04/2011",754.666666667,33,"Block 5:",809.666666667
562,"NA",1340," 3725","NA"," 9825",726.666666667,"NA",453,"NA","NA","NA",848,"NA"," 12:32:11","13/04/2011",638,12,"Block 1:","NA"
"NA",974.5,"NA"," 3725",780.5," 9701","NA",986.333333333,"NA","NA",604,862,"NA",635.5," 12:32:11","13/04/2011","NA",11,"Block 2:",495
659.333333333,869,821.333333333," 3725",611," 26446",752,696,680,779.25,1106.5,893,797.333333333,558.25," 12:32:11","13/04/2011",771,36,"Block 3:",703
547,"NA",935.5," 3725","NA"," 9280",660,"NA",563,"NA","NA","NA",508,"NA"," 12:32:11","13/04/2011",1350.5,12,"Block 4:","NA"
942,719,939.666666667," 3725",2190.8," 41748",759,"NA",735.75,1035.5,790,3086,839,694," 12:32:11","13/04/2011",1194.2,33,"Block 5:",967.75
734.666666667,"NA",960.333333333," 4010","NA"," 9010",655,"NA","NA","NA","NA","NA",725,"NA"," 16:14:28","20/01/2011",606.666666667,12,"Block 1:","NA"
"NA",1386,"NA"," 4010",638," 9836","NA","NA","NA",620,1311.5,591,"NA",707," 16:14:28","20/01/2011","NA",12,"Block 2:",668
738.333333333,992.5,646.75," 4010",792," 29818",741,669,975,732.333333333,953,909.5,903.333333333,1005," 16:14:28","20/01/2011",615,36,"Block 3:",815.333333333
600,"NA","NA"," 4010","NA"," 8768",678,"NA",1198.5,"NA","NA","NA",610.666666667,"NA"," 16:14:28","20/01/2011",652.2,12,"Block 4:","NA"
795.6,1417,921.333333333," 4010",1336," 38900",876.5,1158.25,909.333333333,831,1166.5,1873,876,1367," 16:14:28","20/01/2011",1068.5,34,"Block 5:","NA"
747,"NA",661," 4062","NA"," 8613",629.5,"NA",738,"NA","NA","NA","NA","NA"," 16:18:25","01/04/2011",788.5,12,"Block 1:","NA"
"NA",1371,"NA"," 4062",748.5," 9163","NA",681,"NA",786,665,685,"NA","NA"," 16:18:25","01/04/2011","NA",12,"Block 2:",750
820.5,781,767," 4062",780," 31812",788.666666667,"NA",1345,843.333333333,760.4,761,840,1017.83333333," 16:18:25","01/04/2011",938,35,"Block 3:",860
494,"NA",657.5," 4062","NA"," 9332",799,"NA",475,"NA","NA","NA",2432,"NA"," 16:18:25","01/04/2011",604.5,12,"Block 4:","NA"
729.2,1172,"NA"," 4062",2105," 36869",980,910.333333333,803.5,1664,"NA",1008.66666667,888.5,1994," 16:18:25","01/04/2011",1008.25,34,"Block 5:",820.333333333
543,"NA","NA"," 4181","NA"," 7952",614.5,"NA",530.75,"NA","NA","NA",694,"NA"," 10:50:09","20/01/2011",940,12,"Block 1:","NA"
"NA",749,"NA"," 4181",652," 8736","NA",990,"NA",599,596,951,"NA","NA"," 10:50:09","20/01/2011","NA",12,"Block 2:",621.333333333
856.4,1376,1062," 4181","NA"," 39380",709.25,1234.5,929.5,789.25,1964,945.666666667,2535,1402," 10:50:09","20/01/2011",1248.5,33,"Block 3:",678
576.25,"NA",771," 4181","NA"," 9994",1272,"NA",532,"NA","NA","NA",552,"NA"," 10:50:09","20/01/2011",1729,12,"Block 4:","NA"
871,3082.5,873," 4181",1474," 44605",1358,1319,937,1442,1033,1128.33333333,1057.66666667,950.666666667," 10:50:09","20/01/2011",1123.16666667,34,"Block 5:",1395
872,"NA",927," 4228","NA"," 12091",948.333333333,"NA",797,"NA","NA","NA",1011.66666667,"NA"," 13:58:44","15/03/2011",1205,12,"Block 1:","NA"
"NA",1121.5,"NA"," 4228",839.5," 11901","NA",892,"NA",816,"NA",737,"NA",2018," 13:58:44","15/03/2011","NA",12,"Block 2:",874.666666667
858.5,705,1020," 4228",934.6," 41964",3562.5,1226,829.5,717.5,1402.33333333,1060.5,843.5,1262.66666667," 13:58:44","15/03/2011",1131.5,36,"Block 3:","NA"
"NA","NA",3555.25," 4228","NA"," 30646",781,"NA",710,"NA","NA","NA",3674.5,"NA"," 13:58:44","15/03/2011",2268,11,"Block 4:","NA"
914,"NA",1693.33333333," 4228",885.5," 42545",894,951.666666667,1956.5,"NA",834.666666667,1407,984,985.4," 13:58:44","15/03/2011",981.875,33,"Block 5:",1917.5
"NA","NA",846.666666667," 4242","NA"," 9908",759,"NA",693,"NA","NA","NA",1024.66666667,"NA"," 13:12:27","22/02/2011",694.333333333,12,"Block 1:","NA"
"NA",640,"NA"," 4242",742," 9093","NA",547,"NA",1205,"NA",804.666666667,"NA",518," 13:12:27","22/02/2011","NA",12,"Block 2:",562
850.5,1133,1194," 4242",1110.66666667," 29401",511,665,650.25,745,778,665,855.666666667,633.5," 13:12:27","22/02/2011",919,34,"Block 3:",606.75
418.5,"NA",517.5," 4242","NA"," 6996","NA","NA",456.4,"NA","NA","NA",947.333333333,"NA"," 13:12:27","22/02/2011","NA",12,"Block 4:","NA"
842.5,1664.75,847," 4242",1017," 41974",1261,1222,1440,"NA",1874,769,970,758," 13:12:27","22/02/2011",1159,34,"Block 5:","NA"
478.25,"NA",480," 4278","NA"," 8273","NA","NA",725.5,"NA","NA","NA",575.5,"NA"," 15:34:08","07/04/2011",2318,12,"Block 1:","NA"
"NA",730,"NA"," 4278",506," 7933","NA",547,"NA",554.333333333,942,731,"NA",624," 15:34:08","07/04/2011","NA",12,"Block 2:","NA"
609.25,808.666666667,563," 4278",826.25," 26730",823.666666667,889.5,"NA",736.75,985,696.333333333,653.666666667,465," 15:34:08","07/04/2011",542.5,36,"Block 3:",749
489,"NA",597," 4278","NA"," 9412",560.5,"NA",790.5,"NA","NA","NA",719.5,"NA"," 15:34:08","07/04/2011",1196,11,"Block 4:","NA"
543.5,740,843.666666667," 4278",731," 29042",811,860,593.25,"NA",844.333333333,1034.5,561.25,2321," 15:34:08","07/04/2011",600,32,"Block 5:",1240.5
1497,"NA",739," 4325","NA"," 14091",758,"NA",699.5,"NA","NA","NA",905,"NA"," 10:39:14","19/01/2011",1680.33333333,11,"Block 1:","NA"
"NA",896,"NA"," 4325",774," 12013","NA",1068,"NA",1319,"NA",758,"NA",1060.5," 10:39:14","19/01/2011","NA",12,"Block 2:",840.5
"NA",928,821.25," 4325",805.5," 32188",1956,661.5,799.5,696,1953,829,1060.4,710.666666667," 10:39:14","19/01/2011",674.333333333,36,"Block 3:",658
870,"NA",657.5," 4325","NA"," 11482",1542,"NA",738.333333333,"NA","NA","NA",511,"NA"," 10:39:14","19/01/2011",1162.33333333,12,"Block 4:","NA"
1858.5,"NA",1499.66666667," 4325",2908," 49136",822.666666667,1984.8,1835.5,646,1087.25,534,1265.8,751.333333333," 10:39:14","19/01/2011",884.666666667,35,"Block 5:",1727.66666667
1071,"NA",887.5," 4391","NA"," 15501",905,"NA",1030.75,"NA","NA","NA",4085,"NA"," 16:10:39","06/04/2011",1400,12,"Block 1:","NA"
"NA",2460,"NA"," 4391",812," 13660","NA",722.666666667,"NA",646,986,976.5,"NA",1335," 16:10:39","06/04/2011","NA",11,"Block 2:",840
511,742,570.5," 4391",690," 27735",877,603.25,591.666666667,575,830.6,686.5,757.333333333,789," 16:10:39","06/04/2011",1256.66666667,35,"Block 3:",930.5
461,"NA",747.666666667," 4391","NA"," 8258","NA","NA",476.333333333,"NA","NA","NA",1227.5,"NA"," 16:10:39","06/04/2011",604.5,11,"Block 4:","NA"
926,1123,1035," 4391","NA"," 38059",1113.4,"NA",685.333333333,796.5,995.5,784,741.5,648," 16:10:39","06/04/2011",2172,32,"Block 5:",1281.5
996,"NA",1198," 4662","NA"," 13825",1366.5,"NA","NA","NA","NA","NA",997,"NA"," 17:19:39","01/04/2011",988.5,12,"Block 1:","NA"
"NA",511,"NA"," 4662",494.333333333," 8436","NA",2250,"NA",432,516,956,"NA",563," 17:19:39","01/04/2011","NA",12,"Block 2:",604.5
505.5,2276,1644.8," 4662",1253.25," 32033",548.5,665,547,574,453,1276,832.2,508," 17:19:39","01/04/2011",697,34,"Block 3:",510.4
"NA","NA",790.333333333," 4662","NA"," 8692",986.5,"NA",473,"NA","NA","NA",483,"NA"," 17:19:39","01/04/2011","NA",12,"Block 4:","NA"
1101,556,2013.5," 4662",809.5," 40833",722.333333333,1389.5,755.666666667,1489,851,1786,920,1221," 17:19:39","01/04/2011",1157.66666667,30,"Block 5:",1310
495.5,"NA",535.666666667," 4892","NA"," 7875",2247,"NA",590,"NA","NA","NA",487,"NA"," 11:26:11","04/04/2011",488.666666667,12,"Block 1:","NA"
"NA",725,"NA"," 4892",690.5," 9189","NA",720,"NA","NA",623,651,"NA",893.2," 11:26:11","04/04/2011","NA",12,"Block 2:","NA"
776.333333333,1319.4,781.333333333," 4892",904.666666667," 33651",876.5,1043.66666667,1289.5,779.333333333,852.5,899.5,770,766," 11:26:11","04/04/2011",598,32,"Block 3:","NA"
595.5,"NA",542.5," 4892","NA"," 8963",474.5,"NA",575,"NA","NA","NA",566,"NA"," 11:26:11","04/04/2011",1340.66666667,12,"Block 4:","NA"
823.5,883,740.75," 4892",1474.8," 33362",905.8,544,706.666666667,652.5,745.333333333,"NA",818,1308," 11:26:11","04/04/2011",828,33,"Block 5:",1387
1016.5,"NA",786.5," 5209","NA"," 12285",785,"NA",1115,"NA","NA","NA",1461.5,"NA"," 14:32:41","31/03/2011",813,12,"Block 1:","NA"
"NA",1110.33333333,"NA"," 5209",1818," 14233","NA",1460,"NA",1057.33333333,648.5,"NA","NA",1337," 14:32:41","31/03/2011","NA",11,"Block 2:","NA"
983,1418.5,1979.33333333," 5209",1074.75," 56532","NA",1024.5,1345,3188,1416,1666.5,2431,1122," 14:32:41","31/03/2011",1942,34,"Block 3:",1971
751,"NA",2024.5," 5209","NA"," 12804",1868,"NA",604.5,"NA","NA","NA",1111.5,"NA"," 14:32:41","31/03/2011",744,12,"Block 4:","NA"
1143,1959.5,1880.5," 5209","NA"," 61369",1029.25,1825,2188.75,1336.33333333,3609,1694,1446.25,"NA"," 14:32:41","31/03/2011",2051.5,34,"Block 5:",1401.25
705.333333333,"NA",770," 5262","NA"," 9176","NA","NA",1962,"NA","NA","NA",559,"NA"," 14:18:48","29/03/2011",661,12,"Block 1:","NA"
"NA",1243.5,"NA"," 5262",717.5," 9484","NA",732,"NA",660,681,736.5,"NA",696," 14:18:48","29/03/2011","NA",12,"Block 2:",660
587.75,761.5,743.666666667," 5262",603," 26924",686.2,"NA",825,726.5,857.5,"NA",680,813," 14:18:48","29/03/2011",946.5,35,"Block 3:",705.333333333
523,"NA",633.333333333," 5262","NA"," 8176",578.25,"NA",1200.5,"NA","NA","NA",516,"NA"," 14:18:48","29/03/2011","NA",12,"Block 4:","NA"
946,1429.66666667,1069.5," 5262",1385," 36895",992.333333333,"NA",743.25,1126,1211.33333333,772,587,895," 14:18:48","29/03/2011",756,34,"Block 5:",1916
958,"NA",1114," 5324","NA"," 14648",905,"NA",1246.33333333,"NA","NA","NA",772.5,"NA"," 12:20:32","30/03/2011",1827.33333333,11,"Block 1:","NA"
"NA",719,"NA"," 5324","NA"," 7961","NA",519.666666667,"NA",746,792,822,"NA",656," 12:20:32","30/03/2011","NA",12,"Block 2:",541.5
1123.75,642.5,693," 5324",634.5," 28836",596.5,526,975,722.5,589,710,549,1878," 12:20:32","30/03/2011",587.75,35,"Block 3:",779.75
822,"NA",1207.33333333," 5324","NA"," 11330",804.5,"NA",1364,"NA","NA","NA",803.5,"NA"," 12:20:32","30/03/2011",662,11,"Block 4:","NA"
698.333333333,1003.33333333,642," 5324",807.5," 34888",1551,"NA",812.2,799.25,1095.6,565,1300.25,727," 12:20:32","30/03/2011",1027,35,"Block 5:",1002
467,"NA",858.5," 5328","NA"," 7258",562.25,"NA",499,"NA","NA","NA",638,"NA"," 11:19:24","31/03/2011",562.666666667,12,"Block 1:","NA"
"NA",742,"NA"," 5328",671," 9478","NA",856,"NA",555,692,1193.66666667,"NA","NA"," 11:19:24","31/03/2011","NA",12,"Block 2:",509
910,618,809.25," 5328",761," 29022",755.6,745,669,680.5,632,"NA",1009.5,837.5," 11:19:24","31/03/2011",1104.6,36,"Block 3:",557.5
625,"NA","NA"," 5328","NA"," 10035",1411.5,"NA",457.666666667,"NA","NA","NA",566.5,"NA"," 11:19:24","31/03/2011",633,12,"Block 4:","NA"
1027.66666667,1649,1696.5," 5328",1073," 49367",808,913.2,957,1060,1218.75,1084.66666667,"NA",2461.5," 11:19:24","31/03/2011",2174,34,"Block 5:",2143
484.333333333,"NA",678," 5440","NA"," 7547","NA","NA",909,"NA","NA","NA",645,"NA"," 12:20:20","14/03/2011",538,12,"Block 1:","NA"
"NA",545.25,"NA"," 5440","NA"," 7035","NA","NA","NA",487,514,556.5,"NA",1419," 12:20:20","14/03/2011","NA",12,"Block 2:",440.333333333
515.75,646.5,721.333333333," 5440",474," 29871",571,746.666666667,598,671,540,2778.5,896.333333333,646.75," 12:20:20","14/03/2011",1234.25,33,"Block 3:","NA"
464,"NA",753.666666667," 5440","NA"," 7678",797.666666667,"NA","NA","NA","NA","NA",457,"NA"," 12:20:20","14/03/2011",594.5,12,"Block 4:","NA"
998.666666667,774.333333333,1351," 5440",1021.2," 40226",1147.66666667,833,812,553.5,1788,1308.33333333,1084,1053," 12:20:20","14/03/2011",1219.5,31,"Block 5:","NA"
1732,"NA",1506.66666667," 5456","NA"," 26231","NA","NA",2045.25,"NA","NA","NA",5602,"NA"," 14:25:02","08/03/2011",2065.33333333,9,"Block 1:","NA"
"NA","NA","NA"," 5456",1121," 16796","NA",1589.66666667,"NA",1069,1367,3217,"NA",1081.66666667," 14:25:02","08/03/2011","NA",12,"Block 2:",887
"NA",974.8,2200.5," 5456",1019.33333333," 39548",1288.5,1503,1006,1041,1228,741,860,868," 14:25:02","08/03/2011",688.5,32,"Block 3:",750
544,"NA",1302.75," 5456","NA"," 11673",672,"NA",949,"NA","NA","NA",479,"NA"," 14:25:02","08/03/2011",971,11,"Block 4:","NA"
696.666666667,641,1328," 5456",2364," 46179",888,2126,799,"NA",3254,1081.5,838.666666667,1019," 14:25:02","08/03/2011",695,29,"Block 5:",1464.33333333
644,"NA",1281," 5533","NA"," 11335",675,"NA",1132.33333333,"NA","NA","NA",821,"NA"," 12:31:23","11/04/2011",805,12,"Block 1:","NA"
"NA",999,"NA"," 5533",1755," 13257","NA",928,"NA",882.5,"NA",1292.5,"NA","NA"," 12:31:23","11/04/2011","NA",12,"Block 2:",615
618.333333333,1911.5,857," 5533",2672.33333333," 46640",674,840,1215.33333333,2090,1521,1927.75,"NA",835," 12:31:23","11/04/2011",695,36,"Block 3:",619
605,"NA",1089.5," 5533","NA"," 13760",705,"NA",1490,"NA","NA","NA",861.666666667,"NA"," 12:31:23","11/04/2011",2511,12,"Block 4:","NA"
1109.5,"NA",1472.4," 5533",883.5," 66299",1939,1811.5,1382.4,1693,1025,1696,731,3140.33333333," 12:31:23","11/04/2011",3401,35,"Block 5:",2435
449,"NA",628," 5669","NA"," 10082",659,"NA",536.666666667,"NA","NA","NA","NA","NA"," 16:17:25","11/04/2011",1666.66666667,12,"Block 1:","NA"
"NA",1032,"NA"," 5669","NA"," 8247","NA",581,"NA",538,535.333333333,1104.5,"NA",571," 16:17:25","11/04/2011","NA",11,"Block 2:",558
559.666666667,1129.33333333,807," 5669",648.5," 29866",756,1000.5,791,1042.5,779,"NA",581,725.333333333," 16:17:25","11/04/2011",678.5,34,"Block 3:",990.5
871,"NA",771.75," 5669","NA"," 7774",640,"NA",322.5,"NA","NA","NA",495,"NA"," 16:17:25","11/04/2011",525,10,"Block 4:","NA"
658,1678,1263," 5669",820," 46153",1363.5,2180.8,548,1464.33333333,812.333333333,1355.25,867,1374.5," 16:17:25","11/04/2011",1191.5,35,"Block 5:",985.5
"NA","NA",1153.5," 5682","NA"," 15497",1274.66666667,"NA",1309.75,"NA","NA","NA",925,"NA"," 12:56:52","21/01/2011",1601,11,"Block 1:","NA"
"NA",1027,"NA"," 5682",1189.5," 10475","NA","NA","NA","NA",700,600.5,"NA",936," 12:56:52","21/01/2011","NA",10,"Block 2:",617.666666667
693.5,658.25,1376," 5682",639," 29091",1123,657.75,575,668,858.333333333,630,1128,629," 12:56:52","21/01/2011",1531.33333333,34,"Block 3:",762
590,"NA",695," 5682","NA"," 10048",590,"NA",1185,"NA","NA","NA",1027,"NA"," 12:56:52","21/01/2011",1284,11,"Block 4:","NA"
1279,1796,2373.33333333," 5682",824," 50180",811.666666667,1520.5,1253.33333333,1529,2163,838.5,1467.75,1672," 12:56:52","21/01/2011",1298.83333333,29,"Block 5:",1162.5
1609,"NA","NA"," 5701","NA"," 41966",1374.5,"NA",1353.5,"NA","NA","NA",10004.3333333,"NA"," 13:00:25","18/01/2011",1069.5,12,"Block 1:","NA"
"NA",1691.33333333,"NA"," 5701",2047," 22584","NA",1696,"NA",1245,1564,3608,"NA",4051," 13:00:25","18/01/2011","NA",12,"Block 2:",809
1029,1229.5,883," 5701",1756.66666667," 49539",1233.6,1217,1485,1944.5,2631,"NA",1072,1842," 13:00:25","18/01/2011",1339.16666667,35,"Block 3:",941.5
881.5,"NA",2202.66666667," 5701","NA"," 14665",1513,"NA",632,"NA","NA","NA",808.333333333,"NA"," 13:00:25","18/01/2011",862,12,"Block 4:","NA"
1063.75,1932.33333333,1550," 5701","NA"," 64306","NA",941,875,2495.6,1166,2976,1855,2059.6," 13:00:25","18/01/2011",1662,36,"Block 5:",1267
936,"NA",818.5," 5923","NA"," 14337",1319,"NA",1157.5,"NA","NA","NA",1055.25,"NA"," 12:12:59","25/03/2011",2590,12,"Block 1:","NA"
"NA","NA","NA"," 5923",3879.5," 18372","NA",1048.5,"NA",1102,701,812.5,"NA","NA"," 12:12:59","25/03/2011","NA",11,"Block 2:",1642.5
1001,1613,845.75," 5923",1133," 42549",884.333333333,759,740.25,1568,2033.8,990,1182.66666667,1054.5," 12:12:59","25/03/2011",1421.5,36,"Block 3:",1539
585.666666667,"NA",667," 5923","NA"," 14989",868,"NA",2512,"NA","NA","NA",976.333333333,"NA"," 12:12:59","25/03/2011",2085.33333333,11,"Block 4:","NA"
1439,2857.66666667,885," 5923",1431.5," 60766",917.5,1316,983,"NA",1682.75,2825.33333333,2126,1009," 12:12:59","25/03/2011",1733,33,"Block 5:",1411.25
542.5,"NA",605," 6334","NA"," 9110",1466,"NA",500,"NA","NA","NA",545.333333333,"NA"," 16:21:52","19/01/2011",1247,12,"Block 1:","NA"
"NA","NA","NA"," 6334",781," 10467","NA",727,"NA",760,1627,796.333333333,"NA",836.5," 16:21:52","19/01/2011","NA",12,"Block 2:",1023
625.333333333,1135,"NA"," 6334",914.5," 29928",755.25,1251.25,580.333333333,"NA",830.285714286,1359,549,664.5," 16:21:52","19/01/2011",869,35,"Block 3:",609.75
575.666666667,"NA",1085," 6334","NA"," 8815",619.5,"NA",551,"NA","NA","NA",673,"NA"," 16:21:52","19/01/2011",819,12,"Block 4:","NA"
1594.75,1247,644," 6334",2307.66666667," 45879",1297.75,1303.5,972.333333333,1005,1242.5,929,1149.33333333,867," 16:21:52","19/01/2011",1517,33,"Block 5:",700
702.333333333,"NA",670," 6536","NA"," 8416",656,"NA",679,"NA","NA","NA",696,"NA"," 12:27:10","05/04/2011",841,12,"Block 1:","NA"
"NA","NA","NA"," 6536",604.5," 8408","NA",698.5,"NA","NA",612,577.5,"NA",643," 12:27:10","05/04/2011","NA",12,"Block 2:",916.333333333
773.333333333,565.5,1145," 6536","NA"," 29463",875,1031.5,785,1037,741,"NA",822.2,755," 12:27:10","05/04/2011",646,34,"Block 3:",803.333333333
1331.5,"NA",566," 6536","NA"," 8875",547,"NA",736.333333333,"NA","NA","NA",441.5,"NA"," 12:27:10","05/04/2011",730,12,"Block 4:","NA"
1119.5,1351.5,890.6," 6536",661.5," 38070",876.8,1694.25,"NA","NA",1037.5,1161,1107,1079," 12:27:10","05/04/2011",696,32,"Block 5:",1199
692,"NA",725.666666667," 6543","NA"," 28597",760,"NA",1109.33333333,"NA","NA","NA",1412,"NA"," 15:45:21","04/03/2011",9768,12,"Block 1:","NA"
"NA",1521,"NA"," 6543",1401," 15896","NA","NA","NA",673,589,3928,"NA",1525.25," 15:45:21","04/03/2011","NA",12,"Block 2:",561
733,657,1014.6," 6543",694.5," 58760",6543.6,879,1283.75,1101,737,714.666666667,684.4,592.5," 15:45:21","04/03/2011",751.75,35,"Block 3:",580
1587.5,"NA",1111," 6543","NA"," 12432",655,"NA","NA","NA","NA","NA",793.666666667,"NA"," 15:45:21","04/03/2011",888.5,11,"Block 4:","NA"
592,1887.25,1368," 6543",891," 49277",3175,1080.4,780,664.5,1957.5,1917.66666667,731,1055," 15:45:21","04/03/2011",1250.66666667,34,"Block 5:",532
656,"NA",716.333333333," 6647","NA"," 8634",614,"NA","NA","NA","NA","NA",642.75,"NA"," 13:15:15","23/02/2011",994,12,"Block 1:","NA"
"NA",583,"NA"," 6647",819," 8677","NA","NA","NA",864.75,571,717.5,"NA",624.5," 13:15:15","23/02/2011","NA",12,"Block 2:",561
749.5,762.666666667,724.5," 6647",582," 25540",814,672.666666667,589.166666667,605,724.666666667,1128,613,730," 13:15:15","23/02/2011",749.333333333,35,"Block 3:",782
499,"NA","NA"," 6647","NA"," 8123","NA","NA",547,"NA","NA","NA",757.5,"NA"," 13:15:15","23/02/2011",752.666666667,12,"Block 4:","NA"
795.666666667,563,798.6," 6647",1354," 33521",663,667,689.333333333,784.333333333,727.333333333,1198.5,986,1193.2," 13:15:15","23/02/2011",1000,30,"Block 5:",1124
446,"NA",428," 6691","NA"," 6983",774.5,"NA",471,"NA","NA","NA",852,"NA"," 14:14:43","16/03/2011",532.5,11,"Block 1:","NA"
"NA",675.5,"NA"," 6691",694," 8891","NA",635,"NA",636,525,915.666666667,"NA",643," 14:14:43","16/03/2011","NA",12,"Block 2:",966
615,1063.66666667,674.666666667," 6691",722," 32571",3237,785,743.666666667,1041,633,628,807.714285714,1495," 14:14:43","16/03/2011",846.2,35,"Block 3:",789
893,"NA",498," 6691","NA"," 8173",726,"NA",547,"NA","NA","NA",531,"NA"," 14:14:43","16/03/2011",577,12,"Block 4:","NA"
657.166666667,630,746.5," 6691",517," 29122",679.5,"NA",741.2,837.75,1862,1800,890.333333333,548," 14:14:43","16/03/2011",636.25,32,"Block 5:",844
719.5,"NA",790," 6936","NA"," 10050",992.333333333,"NA","NA","NA","NA","NA",960.5,"NA"," 10:47:25","25/01/2011",742,12,"Block 1:","NA"
"NA",778,"NA"," 6936","NA"," 9661","NA",1212.5,"NA",777.333333333,661.25,"NA","NA","NA"," 10:47:25","25/01/2011","NA",12,"Block 2:",740.5
680,1310,980," 6936",937," 46997",1560.5,1309.2,1818.5,1355.25,1262,1175,909.666666667,823," 10:47:25","25/01/2011",1767,34,"Block 3:",828
501,"NA",765," 6936","NA"," 10396",1454,"NA",579,"NA","NA","NA",701.5,"NA"," 10:47:25","25/01/2011",673.666666667,12,"Block 4:","NA"
1200,876.2,1267," 6936",828.666666667," 39463",1980,928.333333333,962,1100.5,1026.5,1296.4,1042,761," 10:47:25","25/01/2011",1748.5,36,"Block 5:",999.5
898.333333333,"NA",543," 6955","NA"," 8815",633,"NA",737.5,"NA","NA","NA",778.5,"NA"," 15:12:18","01/04/2011",639.5,12,"Block 1:","NA"
"NA",777,"NA"," 6955",849," 8752","NA",646,"NA","NA",563,709.5,"NA",667," 15:12:18","01/04/2011","NA",12,"Block 2:",721
599,537,601," 6955",533.666666667," 26573",626,886.666666667,"NA",802.6,586.8,609.5,587.5,1731.5," 15:12:18","01/04/2011",839.8,34,"Block 3:",519
989.5,"NA",525.5," 6955","NA"," 7381",470.333333333,"NA",470,"NA","NA","NA",496,"NA"," 15:12:18","01/04/2011",739,11,"Block 4:","NA"
623,845,1041," 6955",769," 32014",825.666666667,1115.5,830,554,942.333333333,1215,776.75,1300," 15:12:18","01/04/2011",1189,32,"Block 5:",819
532,"NA",574," 7141","NA"," 7854",564,"NA",547,"NA","NA","NA",855.333333333,"NA"," 11:19:23","30/03/2011",700.5,12,"Block 1:","NA"
"NA",556.5,"NA"," 7141",505.5," 7440","NA",530,"NA",567,541,574,"NA",1003.5," 11:19:23","30/03/2011","NA",12,"Block 2:","NA"
798,2202,635," 7141",668," 27767",841.5,847.5,656.333333333,521,581.5,765.75,615,613.666666667," 11:19:23","30/03/2011",640,36,"Block 3:",668.6
447,"NA",555.5," 7141","NA"," 7974",602,"NA",973,"NA","NA","NA",581,"NA"," 11:19:23","30/03/2011",663,12,"Block 4:","NA"
538,644,760," 7141",807.428571429," 32041",1398,879.333333333,580,1909,1870.5,689.5,906,701," 11:19:23","30/03/2011",618.333333333,32,"Block 5:",984.75
580.333333333,"NA",712," 7198","NA"," 8885",574,"NA",652.333333333,"NA","NA","NA",617,"NA"," 17:51:52","31/03/2011",1094.66666667,12,"Block 1:","NA"
"NA",652,"NA"," 7198",610," 9184","NA","NA","NA",1004.5,684,679.333333333,"NA",822.5," 17:51:52","31/03/2011","NA",11,"Block 2:",862
1255.33333333,903.75,693.25," 7198",699.5," 28853",619,604.5,909.333333333,661.5,889,642,733.333333333,979.666666667," 17:51:52","31/03/2011",655,36,"Block 3:",696.5
457.5,"NA",1326.5," 7198","NA"," 8574",662.666666667,"NA",566,"NA","NA","NA",628.666666667,"NA"," 17:51:52","31/03/2011","NA",12,"Block 4:","NA"
1606.66666667,986,928.5," 7198",1027," 42481",1062,1466.25,999.8,1302,1260.66666667,1749,899.5,1283.5," 17:51:52","31/03/2011",1443,33,"Block 5:",789.5
528,"NA",753," 7327","NA"," 9006",896.666666667,"NA",675,"NA","NA","NA",630.25,"NA"," 14:13:12","20/01/2011",1164,11,"Block 1:","NA"
"NA",501,"NA"," 7327",540," 8618","NA",678,"NA",823,711,858.333333333,"NA","NA"," 14:13:12","20/01/2011","NA",10,"Block 2:",716
483.25,641,638," 7327",720," 24465",484.25,"NA",739.666666667,851.666666667,833,908.333333333,704,904," 14:13:12","20/01/2011",652,31,"Block 3:",716
863.5,"NA",1232," 7327","NA"," 9083",697,"NA",510,"NA","NA","NA",608.75,"NA"," 14:13:12","20/01/2011",625,10,"Block 4:","NA"
570.5,658,778," 7327",669," 32617",1002.33333333,726.666666667,748,2133,1323.66666667,917,711.5,597," 14:13:12","20/01/2011",1051.66666667,23,"Block 5:",1215.5
715.333333333,"NA","NA"," 7473","NA"," 6423",631,"NA",505.25,"NA","NA","NA",406.25,"NA"," 11:39:36","21/01/2011","NA",12,"Block 1:","NA"
"NA","NA","NA"," 7473",694," 10269","NA",956,"NA",652,1092,1129,"NA","NA"," 11:39:36","21/01/2011","NA",10,"Block 2:",525
524.333333333,1006,655.75," 7473",855," 29731",1330.66666667,1043.5,822,906.5,928.666666667,632.333333333,753,879," 11:39:36","21/01/2011",783.333333333,34,"Block 3:",759.333333333
844,"NA",541.5," 7473","NA"," 7773",597,"NA",460,"NA","NA","NA",480,"NA"," 11:39:36","21/01/2011",1598,10,"Block 4:","NA"
657.666666667,1020.5,971.25," 7473",1122.33333333," 31814",900.333333333,559,704.2,1101.66666667,905,814,841,1060.33333333," 11:39:36","21/01/2011",614.5,30,"Block 5:","NA"
505,"NA",674.5," 7521","NA"," 8260",669,"NA",608.4,"NA","NA","NA",1103,"NA"," 14:22:22","13/04/2011",796,12,"Block 1:","NA"
"NA","NA","NA"," 7521",865," 9198","NA",542,"NA",778,1061.5,772.333333333,"NA","NA"," 14:22:22","13/04/2011","NA",12,"Block 2:",508.5
738,636,675.666666667," 7521",627.5," 32200",1180.5,920.833333333,1132.66666667,632,1370,889,614.25,818.5," 14:22:22","13/04/2011",684.5,36,"Block 3:",1586
"NA","NA","NA"," 7521","NA"," 13329",1110.66666667,"NA",1695,"NA","NA","NA",983,"NA"," 14:22:22","13/04/2011",891.666666667,12,"Block 4:","NA"
860,1422,974," 7521",1182.66666667," 45168",1443.25,1093,1158.25,1543.33333333,760,2317,1198.5,1370," 14:22:22","13/04/2011",1061,36,"Block 5:",1122.83333333
793,"NA",662," 7706","NA"," 10560",914,"NA",768.333333333,"NA","NA","NA",1120,"NA"," 14:15:38","14/04/2011",819,12,"Block 1:","NA"
"NA",1152.66666667,"NA"," 7706",800," 10269","NA",736,"NA",693,698,888,"NA",756," 14:15:38","14/04/2011","NA",12,"Block 2:",684
598,1016.33333333,663," 7706",765.25," 32135",791.8,579,710,1322.75,656.75,"NA",763,935.5," 14:15:38","14/04/2011",1412.5,36,"Block 3:",592
537,"NA",639," 7706","NA"," 8208",593,"NA",674,"NA","NA","NA",810.4,"NA"," 14:15:38","14/04/2011","NA",12,"Block 4:","NA"
645.5,856,655.6," 7706",1403," 35435",680,1738.66666667,887,1916,708.5,1148.5,1093,975," 14:15:38","14/04/2011",1089.33333333,36,"Block 5:",691
514,"NA",518," 7787","NA"," 6816",1042,"NA",565.666666667,"NA","NA","NA",482.5,"NA"," 13:48:27","08/03/2011",522,12,"Block 1:","NA"
"NA",652.333333333,"NA"," 7787",528.5," 6222","NA",434,"NA",448,"NA","NA","NA",477.666666667," 13:48:27","08/03/2011","NA",12,"Block 2:",445
628,696.25,770," 7787",574.5," 23222",506,538,621.666666667,761.6,532,669.75,631.333333333,608.666666667," 13:48:27","08/03/2011",561.333333333,32,"Block 3:","NA"
730,"NA",788," 7787","NA"," 8968",548,"NA",619.333333333,"NA","NA","NA",880.5,"NA"," 13:48:27","08/03/2011",851,9,"Block 4:","NA"
848.25,736,1505," 7787",831.5," 31705",635.333333333,1181.66666667,710.5,803,632,1036.33333333,646.666666667,733.5," 13:48:27","08/03/2011",1021.83333333,30,"Block 5:",1179
724,"NA",968," 7837","NA"," 14240",899,"NA",916,"NA","NA","NA",789.5,"NA"," 14:23:38","11/04/2011",1865.5,12,"Block 1:","NA"
"NA",871,"NA"," 7837",1501," 13632","NA",1261,"NA",847,1406,"NA","NA",1203.5," 14:23:38","11/04/2011","NA",12,"Block 2:",989
987.6,833,2057.33333333," 7837",2243," 45810",1610.33333333,2900,959.5,1371.66666667,829,1017.5,808,1011.5," 14:23:38","11/04/2011",1138.5,36,"Block 3:",1257
1448.5,"NA",1084.5," 7837","NA"," 15588",1555,"NA",1558,"NA","NA","NA",957.5,"NA"," 14:23:38","11/04/2011",826,11,"Block 4:","NA"
1317,1298.66666667,1617," 7837",2529.5," 57722",2681,1260,726,1343.5,2178,1484.66666667,1311.5,1185.33333333," 14:23:38","11/04/2011",3427.5,31,"Block 5:",1313
666,"NA","NA"," 7983","NA"," 14987",2159,"NA",851,"NA","NA","NA",1569,"NA"," 17:17:50","06/04/2011",1223.5,12,"Block 1:","NA"
"NA",1030,"NA"," 7983",744," 12771","NA",1181,"NA",861,657,1838,"NA",676.666666667," 17:17:50","06/04/2011","NA",12,"Block 2:",754
1090.66666667,848.333333333,1581.66666667," 7983","NA"," 35348",578,894.25,1499.33333333,609,1487,872,670.6,778," 17:17:50","06/04/2011",775,36,"Block 3:",637.5
589,"NA",1262.66666667," 7983","NA"," 8961",529,"NA","NA","NA","NA","NA",543,"NA"," 17:17:50","06/04/2011",631,12,"Block 4:","NA"
614,1042.33333333,1101.33333333," 7983",1049.5," 49196",756,1060,1660.5,864,967,2219.83333333,2392,"NA"," 17:17:50","06/04/2011",939,34,"Block 5:",1277.5
476,"NA",634," 8206","NA"," 9996",1012.5,"NA",650,"NA","NA","NA",739,"NA"," 14:25:03","30/03/2011",1179.33333333,12,"Block 1:","NA"
"NA",840.666666667,"NA"," 8206",515," 8296","NA",576.333333333,"NA",712.5,739,"NA","NA",612," 14:25:03","30/03/2011","NA",12,"Block 2:",754
892.5,974.666666667,666.333333333," 8206",1467.75," 35527",711,"NA",824.666666667,709,1022,853,1144,892.5," 14:25:03","30/03/2011",1153.33333333,35,"Block 3:",1340.66666667
582.5,"NA",898," 8206","NA"," 9678",784,"NA",705,"NA","NA","NA",1457,"NA"," 14:25:03","30/03/2011",479,11,"Block 4:","NA"
715,820.5,761.666666667," 8206",625," 31391",825.666666667,924,980,1730,564,957.666666667,565,1019.8," 14:25:03","30/03/2011",927.5,34,"Block 5:",973
523,"NA",821.666666667," 8273","NA"," 8431",852,"NA",703,"NA","NA","NA",493,"NA"," 14:17:48","25/01/2011",723,12,"Block 1:","NA"
"NA",516,"NA"," 8273",519," 9477","NA",489,"NA",534.5,1942,618.5,"NA",552," 14:17:48","25/01/2011","NA",12,"Block 2:",605.5
529.666666667,1311.66666667,3185," 8273",529.5," 26493",593.666666667,584,722,567,545.666666667,603,583.333333333,929," 14:17:48","25/01/2011",531,36,"Block 3:",559.333333333
788.5,"NA",860.5," 8273","NA"," 11112",688.333333333,"NA",417.5,"NA","NA","NA",2787,"NA"," 14:17:48","25/01/2011",1063.5,11,"Block 4:","NA"
531.5,800.666666667,594," 8273","NA"," 30140",795.833333333,1188.25,626.333333333,552,1031.33333333,666,841,1238," 14:17:48","25/01/2011",934.666666667,35,"Block 5:",763.333333333
1060.5,"NA",2441.33333333," 8421","NA"," 16781",1527,"NA",1036.5,"NA","NA","NA",720,"NA"," 15:20:56","28/03/2011",1005.33333333,12,"Block 1:","NA"
"NA",877,"NA"," 8421",1183," 12066","NA","NA","NA",743,1021.33333333,1116,"NA",858," 15:20:56","28/03/2011","NA",12,"Block 2:","NA"
833,2217,1360.5," 8421",1565," 47596",767.5,"NA",1060.33333333,1494.25,3835,1268.16666667,1197.5,892.666666667," 15:20:56","28/03/2011",1818,33,"Block 3:",817
1218,"NA",564," 8421","NA"," 10331",741,"NA",687,"NA","NA","NA",674.5,"NA"," 15:20:56","28/03/2011",910.8,12,"Block 4:","NA"
872.333333333,1111,692.4," 8421",738," 44519",813,1412,1793,1583.75,"NA",1624.66666667,667,2385," 15:20:56","28/03/2011",1455.5,32,"Block 5:",1036
"NA","NA",711," 8888","NA"," 7835",585.75,"NA",797.5,"NA","NA","NA",614.333333333,"NA"," 11:17:59","25/03/2011",671.5,12,"Block 1:","NA"
"NA",728.5,"NA"," 8888",536," 9288","NA",1380,"NA",693,522.5,"NA","NA",795," 11:17:59","25/03/2011","NA",12,"Block 2:",654.5
520,663,713," 8888",722.5," 29310",553.5,780.25,771.833333333,1073.6,483,894,562,"NA"," 11:17:59","25/03/2011",1971.5,36,"Block 3:","NA"
539,"NA",765," 8888","NA"," 7420",605,"NA",500,"NA","NA","NA",492,"NA"," 11:17:59","25/03/2011",620,12,"Block 4:","NA"
494,952.333333333,644," 8888",552," 29202",628,586.5,569,1085.83333333,1095.5,649,770,965," 11:17:59","25/03/2011",666.333333333,35,"Block 5:",896.333333333
978.5,"NA",2085," 9120","NA"," 14800",814.666666667,"NA",3305,"NA","NA","NA",755,"NA"," 10:16:58","16/02/2011",1372,12,"Block 1:","NA"
"NA","NA","NA"," 9120",596," 10104","NA",751.333333333,"NA","NA",806,"NA","NA",1179," 10:16:58","16/02/2011","NA",12,"Block 2:",826
1121.5,710.2,790.666666667," 9120","NA"," 30827",595.5,1063.5,735.333333333,816.5,770.333333333,847.5,815.25,895.666666667," 10:16:58","16/02/2011",1356,36,"Block 3:",741
1993,"NA","NA"," 9120","NA"," 13629",749,"NA",1022.33333333,"NA","NA","NA",1130.66666667,"NA"," 10:16:58","16/02/2011",937,11,"Block 4:","NA"
609,1441.33333333,1485.66666667," 9120","NA"," 46262",2088,"NA",816,"NA",1053,863.333333333,739.6,1547," 10:16:58","16/02/2011",1600,36,"Block 5:",1856
596,"NA",1288," 9548","NA"," 12287",1608,"NA",677,"NA","NA","NA",648.5,"NA"," 15:17:28","12/04/2011",860.5,11,"Block 1:","NA"
"NA",675,"NA"," 9548",944," 9260","NA",883.5,"NA",694,"NA","NA","NA",701," 15:17:28","12/04/2011","NA",12,"Block 2:",647.75
628.4,681,1275.5," 9548",675," 30185",1052,859.5,826.4,729.5,901.5,"NA",1001,765.75," 15:17:28","12/04/2011",1021.5,34,"Block 3:",892.5
732,"NA",543," 9548","NA"," 9692",461,"NA",495,"NA","NA","NA",963,"NA"," 15:17:28","12/04/2011",1348,11,"Block 4:","NA"
1210.66666667,1136,1054.75," 9548","NA"," 40415",1710,1554.75,1136,1054.5,1133.25,2088,875.6,721.666666667," 15:17:28","12/04/2011","NA",34,"Block 5:",963.6
676,"NA",590.75," 9782","NA"," 8055",853.666666667,"NA",857,"NA","NA","NA",579,"NA"," 15:14:34","11/04/2011",509.5,12,"Block 1:","NA"
"NA",1447,"NA"," 9782",597," 8390","NA",850.5,"NA",584,"NA",644,"NA",491," 15:14:34","11/04/2011","NA",11,"Block 2:","NA"
634,1047.5,560," 9782",575.5," 27430",544.666666667,637.333333333,637,772.5,703,741.5,1587.33333333,690," 15:14:34","11/04/2011",705.25,33,"Block 3:",633.5
513.5,"NA",642.5," 9782","NA"," 11483",1595,"NA",917,"NA","NA","NA",1517,"NA"," 15:14:34","11/04/2011",876.666666667,12,"Block 4:","NA"
715.6,2004,897," 9782",1388," 38131",958.4,1165.33333333,889.25,927,1252.66666667,821,769,784," 15:14:34","11/04/2011",904.666666667,32,"Block 5:",840
566,"NA",558.5," 9853","NA"," 8192",725.25,"NA",525.5,"NA","NA","NA",620,"NA"," 15:31:25","25/03/2011",1371,12,"Block 1:","NA"
"NA",1037,"NA"," 9853",915," 12997","NA","NA","NA",719,685,1104.66666667,"NA",1576.66666667," 15:31:25","25/03/2011","NA",12,"Block 2:",682
942,935,684.6," 9853",913," 36703",546.8,"NA",718,1226,813,1433.5,812,2884," 15:31:25","25/03/2011",671.5,35,"Block 3:",1817.66666667
549.5,"NA",784," 9853","NA"," 9478",1283,"NA",969.5,"NA","NA","NA",464,"NA"," 15:31:25","25/03/2011",743,12,"Block 4:","NA"
945.25,1108.66666667,702," 9853",1502," 38032",659,912,620,1263,1278,1446.8,664.6,914.8," 15:31:25","25/03/2011",1302.33333333,35,"Block 5:",1085.5
754,"NA",962.5," 9876","NA"," 10400",683.666666667,"NA",751,"NA","NA","NA",997,"NA"," 11:08:40","28/01/2011",1087,12,"Block 1:","NA"
"NA",651,"NA"," 9876",687.666666667," 12082","NA",863.333333333,"NA",736,2023.5,1344,"NA","NA"," 11:08:40","28/01/2011","NA",12,"Block 2:","NA"
1047,962.8,665.5," 9876","NA"," 30398",768.333333333,773,754,1217,826,1077.5,707,742," 11:08:40","28/01/2011",840.5,35,"Block 3:",754.666666667
812,"NA",676.666666667," 9876","NA"," 9155",688,"NA",620.666666667,"NA","NA","NA",592,"NA"," 11:08:40","28/01/2011",1057,12,"Block 4:","NA"
775.555555556,1959,1023.5," 9876",1413.25," 45333",1018,"NA",983.333333333,1945,853,3059.66666667,929,861," 11:08:40","28/01/2011","NA",35,"Block 5:",1186.5
1154,"NA",565," 9876","NA"," 7104",558.666666667,"NA",439,"NA","NA","NA",573.333333333,"NA"," 13:21:59","25/03/2011",516.666666667,12,"Block 1:","NA"
"NA",555,"NA"," 9876",629.5," 9523","NA",687.5,"NA","NA",1496,804,"NA",568," 13:21:59","25/03/2011","NA",12,"Block 2:",701
652.5,990,682.666666667," 9876",957," 36743",2720,775,721.5,1027,1142,930.333333333,836,1334.66666667," 13:21:59","25/03/2011",906.5,35,"Block 3:","NA"
579,"NA",983," 9876","NA"," 10643",1226,"NA",577.5,"NA","NA","NA",730,"NA"," 13:21:59","25/03/2011","NA",12,"Block 4:","NA"
844.2,779,1860," 9876",1354," 36666","NA",589.5,837.75,"NA",793.5,666,765.333333333,1602," 13:21:59","25/03/2011",743.333333333,34,"Block 5:",927.5
975,"NA",994,"1089","NA"," 13801",1520.75,"NA",835,"NA","NA","NA",649,"NA"," 14:20:01","24/01/2011",1218,12,"Block 1:","NA"
"NA",644,"NA","1089",1113," 11373","NA",682.666666667,"NA",1851,1029.66666667,"NA","NA",1077," 14:20:01","24/01/2011","NA",12,"Block 2:",907
1074.4,"NA",791.5,"1089",1168.75," 36884",659.5,632.8,682.5,1227.2,715.333333333,"NA",1791,692," 14:20:01","24/01/2011",1089.33333333,34,"Block 3:","NA"
1110.66666667,"NA","NA","1089","NA"," 11865",965.5,"NA",877.5,"NA","NA","NA",1138,"NA"," 14:20:01","24/01/2011",889,11,"Block 4:","NA"
856,766,1167,"1089",1282," 43035",1150.75,1271.5,1255,1107.66666667,3193,1187.5,942,934.5," 14:20:01","24/01/2011",1004.5,32,"Block 5:",859.333333333
453,"NA",969,"9091","NA"," 9123",618.333333333,"NA",909.2,"NA","NA","NA",542,"NA"," 14:32:21","03/02/2011",758,12,"Block 1:","NA"
"NA",901.5,"NA","9091",571.5," 9024","NA","NA","NA","NA",598,616,"NA",609," 14:32:21","03/02/2011","NA",12,"Block 2:",1207
939.2,944,796.333333333,"9091",600.666666667," 26471",587.5,759.333333333,578.666666667,676.5,1596,629.666666667,632,548," 14:32:21","03/02/2011",709,36,"Block 3:","NA"
487,"NA",518,"9091","NA"," 7934",988.333333333,"NA",602.5,"NA","NA","NA",518,"NA"," 14:32:21","03/02/2011","NA",12,"Block 4:","NA"
657.666666667,1362,2373.66666667,"9091",1310," 41194",598.833333333,1980,1023,1085,785.5,"NA",1490,544," 14:32:21","03/02/2011",913.6,32,"Block 5:",1475.5
