"Participant","Illusory","Acupuncture","Correct","Real","Inaccurate","Lies","Date","Reiki","Injections","Actual","Truth","Time","Homeopathy","Block","Accurate","FlowerEssence","BlockTime","Fake","Surgery","Pills","Cream"
1089,"NA","NA",11,882,964,680.5,"24/01/2011","NA","NA",592,"NA"," 14:23:27","NA","Block 1:","NA","NA"," 8833",520,"NA","NA","NA"
1089,"NA","NA",11,"NA","NA","NA","24/01/2011",828,1862,"NA","NA"," 14:23:27",1255,"Block 2:","NA","NA"," 18218","NA",2035,1053.5,"NA"
1089,882.25,937.5,35,677.75,717,803,"24/01/2011",802,1049,812.5,1597.5," 14:23:27",810,"Block 3:",696,1099," 35805",626,729,"NA",5213
1089,713,"NA",10,1815,1481.5,1034.66666667,"24/01/2011","NA","NA","NA",555," 14:23:27","NA","Block 4:",861.5,"NA"," 12141","NA","NA","NA","NA"
1089,1600.5,1922,31,1496.75,1344.5,714,"24/01/2011",1133.33333333,1936.2,"NA",1130.5," 14:23:27","NA","Block 5:",1341.33333333,801.5," 50523",883,959.333333333,1287,3236
" 0007",2269,"NA",12,1730,1249,1438,"08/03/2011","NA","NA",1031,"NA"," 16:14:43","NA","Block 1:",1701.5,"NA"," 18405",1469.66666667,"NA","NA","NA"
" 0007","NA",1046,11,"NA","NA","NA","08/03/2011",1427,1151,"NA","NA"," 16:14:43","NA","Block 2:","NA",1226," 21020","NA","NA",1644.33333333,2921.33333333
" 0007",1297.5,1256.75,35,764.5,2098.33333333,1361.66666667,"08/03/2011",1681,892.5,1237,"NA"," 16:14:43",857,"Block 3:",1206.16666667,873," 44363",1094,1273.5,"NA",779
" 0007",1177,"NA",11,1130.5,2427,955.5,"08/03/2011","NA","NA",834,"NA"," 16:14:43","NA","Block 4:",1261.66666667,"NA"," 14698",1151.5,"NA","NA","NA"
" 0007",1787.5,1581,28,2579,1441,2282.33333333,"08/03/2011",3234.5,1889.66666667,1183,1362," 16:14:43",4093,"Block 5:",1736.5,3544," 81196",1045,3482.66666667,2376,3826.5
" 0234",658,"NA",12,"NA",570.666666667,594,"08/04/2011","NA","NA",1383.5,621," 13:25:23","NA","Block 1:",658.333333333,"NA"," 8968",641,"NA","NA","NA"
" 0234","NA",678.333333333,12,"NA","NA","NA","08/04/2011",588,843,"NA","NA"," 13:25:23",594,"Block 2:","NA",1105," 10325","NA",829.5,"NA",1167
" 0234",775,914.2,33,661.5,"NA",766,"08/04/2011",673,920.333333333,814,575," 13:25:23",706.333333333,"Block 3:",846,883.8," 28935","NA",602,743,1000.5
" 0234","NA","NA",10,937.333333333,2119,1042.5,"08/04/2011","NA","NA",1461,635," 13:25:23","NA","Block 4:","NA","NA"," 14287",797.5,"NA","NA","NA"
" 0234",1921.75,1746.33333333,30,749.5,1373,1229,"08/04/2011",1270,2416.5,1819,1680.5," 13:25:23",659.333333333,"Block 5:","NA",1085.66666667," 48914",932,1316,1140,778.333333333
" 0317",1652.5,"NA",12,954,887.666666667,"NA","18/01/2011","NA","NA",823.666666667,792," 14:51:22","NA","Block 1:",952,"NA"," 12005",868,"NA","NA","NA"
" 0317","NA","NA",10,"NA","NA","NA","18/01/2011",715,998,"NA","NA"," 14:51:22",1562.5,"Block 2:","NA","NA"," 17278","NA",826.5,2679.66666667,1016.5
" 0317",768,825.2,36,821.8,821.666666667,"NA","18/01/2011","NA",906.333333333,852,843.333333333," 14:51:22","NA","Block 3:",779,961," 31874",716.333333333,703,3038,856
" 0317",1774,"NA",12,683.5,"NA",740,"18/01/2011","NA","NA",749.5,"NA"," 14:51:22","NA","Block 4:",778.666666667,"NA"," 9939",741.5,"NA","NA","NA"
" 0317",1613,1656.5,30,1306,1432,1635.5,"18/01/2011",1002.33333333,2446,894.5,1836," 14:51:22",1537,"Block 5:",1297,1073," 50308",1926,1018,962.666666667,1432
" 0405",1661,"NA",12,900.5,886,1306,"09/03/2011","NA","NA",1383,679," 12:22:14","NA","Block 1:",738,"NA"," 12805",1344,"NA","NA","NA"
" 0405","NA",1472,12,"NA","NA","NA","09/03/2011",654.5,"NA","NA","NA"," 12:22:14",674,"Block 2:","NA",753," 11108","NA",992,920,921.5
" 0405",1039,1118.5,33,1107,910.25,1184,"09/03/2011",969,"NA",1164,1376," 12:22:14",1213,"Block 3:",974,1105," 40035",994,1055,1156.4,1456
" 0405",2318,"NA",11,631,1486,1153.5,"09/03/2011","NA","NA",1513,600.5," 12:22:14","NA","Block 4:",888.5,"NA"," 14120",1443.5,"NA","NA","NA"
" 0405",1205,1358.6,29,936,2274.5,1903,"09/03/2011",722.5,1667,1654.5,1260.5," 12:22:14",952.75,"Block 5:",1515,829," 51708","NA",800,820,2400
" 0473",945,"NA",12,748,1086,1113,"04/04/2011","NA","NA","NA",1474.5," 12:26:56","NA","Block 1:",765,"NA"," 12250",936.666666667,"NA","NA","NA"
" 0473","NA",857,12,"NA","NA","NA","04/04/2011",781,850.5,"NA","NA"," 12:26:56",1319.5,"Block 2:","NA",1925," 11900","NA",796.5,811.5,"NA"
" 0473",1303.66666667,1058,30,859,996.333333333,871,"04/04/2011","NA",881.666666667,1230.66666667,978.333333333," 12:26:56",810,"Block 3:",1240.5,801.5," 39958",1043,701,1835.25,1099
" 0473",1593,"NA",12,"NA",1177.33333333,652,"04/04/2011","NA","NA",874,"NA"," 12:26:56","NA","Block 4:",723,"NA"," 11489",789,"NA","NA","NA"
" 0473",691,845.333333333,16,1403.5,1317.5,1819,"04/04/2011",1863,1911,"NA",857," 12:26:56",833,"Block 5:",1319,1187.5," 47882","NA",1592,943,1267.5
" 0606",977,"NA",12,800,625.5,987.5,"16/03/2011","NA","NA",599,635," 12:22:50","NA","Block 1:",751,"NA"," 8847",509,"NA","NA","NA"
" 0606","NA",742,12,"NA","NA","NA","16/03/2011",653,724.333333333,"NA","NA"," 12:22:50",607,"Block 2:","NA",874.333333333," 9493","NA",1021,"NA","NA"
" 0606",898.5,1521,34,771,857,933.5,"16/03/2011",642,781,742.666666667,1155.33333333," 12:22:50",820,"Block 3:",1331,1480," 35008",596,562.666666667,1824,744
" 0606","NA","NA",12,789,598,1449,"16/03/2011","NA","NA",1520.33333333,553," 12:22:50","NA","Block 4:",605,"NA"," 12979",737,"NA","NA","NA"
" 0606","NA",1117,35,"NA",926,1100.5,"16/03/2011",867.75,1177.33333333,795,1276," 12:22:50",985.666666667,"Block 5:",858,2630," 36894",704.333333333,853,1035.6,943.666666667
" 0705",1056,"NA",12,1520.5,1470,1107,"30/03/2011","NA","NA",879,892," 16:17:21","NA","Block 1:",1268.5,"NA"," 13738",824.5,"NA","NA","NA"
" 0705","NA",1017.66666667,12,"NA","NA","NA","30/03/2011",2904,993.5,"NA","NA"," 16:17:21","NA","Block 2:","NA",1040," 14222","NA",1030,951.5,1275
" 0705",1696.25,3421.5,35,1528,951.5,1190,"30/03/2011",1046.75,868,"NA",1022.83333333," 16:17:21",1073,"Block 3:",1015.66666667,1274," 46624",1018.5,2184,1160,1119
" 0705",1906,"NA",12,755.5,790,"NA","30/03/2011","NA","NA",1633,744," 16:17:21","NA","Block 4:",931,"NA"," 12264",775.333333333,"NA","NA","NA"
" 0705",1016.33333333,1040,35,2805,913.333333333,990.75,"30/03/2011",1065,2452.33333333,"NA",890.5," 16:17:21",970.25,"Block 5:",1824,1936.66666667," 49941",850.666666667,"NA",836,3688.5
" 0833",1976.5,"NA",11,"NA",2020,2749,"28/03/2011","NA","NA",1097.5,"NA"," 13:30:46","NA","Block 1:",1150,"NA"," 17431",836,"NA","NA","NA"
" 0833","NA",973.333333333,12,"NA","NA","NA","28/03/2011","NA",1459.5,"NA","NA"," 13:30:46",792,"Block 2:","NA",1314," 13461","NA",1576,902,1123
" 0833",1708.66666667,"NA",36,806.5,1643.66666667,"NA","28/03/2011",1628,1448,999,1130.66666667," 13:30:46","NA","Block 3:",1232,1211.66666667," 50241",1357.33333333,1115,"NA",1467
" 0833",841,"NA",12,693,2322,701,"28/03/2011","NA","NA",809.666666667,900," 13:30:46","NA","Block 4:",797,"NA"," 11356",1175,"NA","NA","NA"
" 0833",1609.75,1742.75,35,1417.66666667,1688.5,875,"28/03/2011",1354,2059,1329.33333333,1137.75," 13:30:46",2096,"Block 5:",1130,1320," 50922",1123.66666667,1442,1449.66666667,1118
" 0856",956,"NA",11,932.5,1024.33333333,779,"08/03/2011","NA","NA",1351,632," 11:30:12","NA","Block 1:",4208,"NA"," 14261",698.5,"NA","NA","NA"
" 0856","NA",758,12,"NA","NA","NA","08/03/2011",662,1901,"NA","NA"," 11:30:12",1393,"Block 2:","NA",1293," 14677","NA",1001,1539,1098.5
" 0856",1448,663,36,1059,802,956,"08/03/2011",895.666666667,2877,1441.5,941," 11:30:12",2225.33333333,"Block 3:",2995.5,1318.5," 53293",1188.66666667,1620,2515.33333333,1291.33333333
" 0856",772,"NA",12,686,3195,1826,"08/03/2011","NA","NA",2691,787," 11:30:12","NA","Block 4:",1614,"NA"," 19578",1508,"NA","NA","NA"
" 0856","NA","NA",35,938.333333333,863.5,"NA","08/03/2011",768.75,1568.5,1006,"NA"," 11:30:12",2694.16666667,"Block 5:",985.666666667,1015.66666667," 53017",1001,1865,1352.5,1631.16666667
" 1004",1291.33333333,"NA",11,647,"NA",1114,"05/04/2011","NA","NA",1227.5,1408," 13:26:34","NA","Block 1:",533,"NA"," 12265",744.666666667,"NA","NA","NA"
" 1004","NA",1580,12,"NA","NA","NA","05/04/2011",1013.33333333,1290.5,"NA","NA"," 13:26:34",997.5,"Block 2:","NA","NA"," 15037","NA",1234,"NA",2026
" 1004",1482,1016.33333333,36,679.5,1318,"NA","05/04/2011",742.25,1098.5,1803.5,630," 13:26:34",878,"Block 3:",1277.5,1242.66666667," 37082",825.333333333,"NA",690.666666667,961.6
" 1004","NA","NA",12,660,"NA",1168.33333333,"05/04/2011","NA","NA",744.666666667,709," 13:26:34","NA","Block 4:",2191,"NA"," 11688",864.5,"NA","NA","NA"
" 1004",2281.66666667,1092.5,33,1551,1916.5,847.5,"05/04/2011",1449.5,893,1735.66666667,4226," 13:26:34","NA","Block 5:",1394.66666667,1839.66666667," 63825","NA",1779.75,2875.5,2641.5
" 1011",1273.5,"NA",12,1294.33333333,"NA",1191,"21/03/2011","NA","NA","NA",1750.75," 13:21:53","NA","Block 1:",2134.5,"NA"," 18893","NA","NA","NA","NA"
" 1011","NA",4293,11,"NA","NA","NA","21/03/2011",658,"NA","NA","NA"," 13:21:53","NA","Block 2:","NA",811," 13647","NA",759.5,603,1212
" 1011",608,1180.5,31,1112.5,1146.5,858,"21/03/2011",549,"NA",1190,2027.5," 13:21:53",1201.66666667,"Block 3:",1139,697.75," 34994",745.5,720,524,1000.33333333
" 1011",688,"NA",9,687,893.5,1102,"21/03/2011","NA","NA",1647,806," 13:21:53","NA","Block 4:",3236,"NA"," 15370","NA","NA","NA","NA"
" 1011",703,"NA",26,1434,1352.5,1351,"21/03/2011",970,1519.33333333,825,2669," 13:21:53",1594.25,"Block 5:",1291.66666667,1850," 52290",1465.5,1784.66666667,2009.5,1150.33333333
" 1101",812.5,"NA",11,"NA",4204,871,"24/01/2011","NA","NA",989,748," 12:12:08","NA","Block 1:",749,"NA"," 15927",555.333333333,"NA","NA","NA"
" 1101","NA",1019.5,11,"NA","NA","NA","24/01/2011",1208.5,705,"NA","NA"," 12:12:08",797,"Block 2:","NA",1302," 12645","NA","NA",1261.5,763
" 1101",1580.5,1151.75,33,669.333333333,"NA",596,"24/01/2011",646.333333333,943.666666667,1475.33333333,712.5," 12:12:08",1936.5,"Block 3:",660.666666667,618," 35152",945,925,732.5,898
" 1101",555,"NA",11,"NA",1291,1781,"24/01/2011","NA","NA",671,"NA"," 12:12:08","NA","Block 4:",835.5,"NA"," 9932",688.666666667,"NA","NA","NA"
" 1101",851,1477.5,32,"NA","NA",770,"24/01/2011",546,4563,1013.5,858," 12:12:08",1620.8,"Block 5:",702.333333333,1603.5," 46387",1731.33333333,892.8,786,1401
" 1103",1683.33333333,"NA",12,1189,1437,936,"23/03/2011","NA","NA",1675.33333333,1057," 15:25:13","NA","Block 1:",1248,"NA"," 17191","NA","NA","NA","NA"
" 1103","NA",7035,11,"NA","NA","NA","23/03/2011",745,837,"NA","NA"," 15:25:13",1561,"Block 2:","NA",921," 20338","NA","NA",1771.66666667,809
" 1103",706,2587.75,35,1042,1512,2973,"23/03/2011",725.5,1218.66666667,2038,1114," 15:25:13",3235.75,"Block 3:",1925.75,"NA"," 64884",2486.5,1462,931,649
" 1103","NA","NA",12,746.5,1235,800,"23/03/2011","NA","NA",1095.33333333,"NA"," 15:25:13","NA","Block 4:",2920.66666667,"NA"," 17628",817,"NA","NA","NA"
" 1103",2508,1081,34,1365.33333333,1516.5,878.5,"23/03/2011",3618,1543.5,1073,3060.2," 15:25:13","NA","Block 5:",888,897," 64456",1740,1083,"NA",1964
" 1209","NA","NA",12,"NA",3467.5,"NA","23/03/2011","NA","NA",1450,2178," 13:49:43","NA","Block 1:",1602.66666667,"NA"," 25518",1806.5,"NA","NA","NA"
" 1209","NA","NA",10,"NA","NA","NA","23/03/2011","NA",1123.66666667,"NA","NA"," 13:49:43",1435.33333333,"Block 2:","NA","NA"," 24920","NA",2204,4200.5,2230
" 1209",1335,2083.5,35,917.333333333,2039.5,716,"23/03/2011",999,1281.25,812.5,667," 13:49:43",791,"Block 3:",1958.5,1673.5," 42463",505,1028.5,846,1202.33333333
" 1209",1487.33333333,"NA",11,656,967.5,971,"23/03/2011","NA","NA",648,"NA"," 13:49:43","NA","Block 4:","NA","NA"," 11423",701,"NA","NA","NA"
" 1209",1405.25,2843,23,954.333333333,1297.5,1471.33333333,"23/03/2011",950,3244.66666667,"NA",3406.33333333," 13:49:43",5574,"Block 5:",1630,1595.66666667," 75644",1121.5,4731,1981.66666667,1336
" 1212",2712.33333333,"NA",12,1421.5,"NA","NA","22/03/2011","NA","NA",949,988," 15:18:19","NA","Block 1:",1229.33333333,"NA"," 18298",744,"NA","NA","NA"
" 1212","NA",1141,12,"NA","NA","NA","22/03/2011",820,846.5,"NA","NA"," 15:18:19",932,"Block 2:","NA",1166.66666667," 12889","NA","NA",1134.33333333,1400
" 1212","NA","NA",35,1095,3074,1560.33333333,"22/03/2011",1041.5,981.5,"NA",1548," 15:18:19",1023.66666667,"Block 3:",2024.2,2103," 54179",753,1210,910.5,1101.75
" 1212",1587,"NA",12,605.5,"NA",687.25,"22/03/2011","NA","NA",660.5,1705," 15:18:19","NA","Block 4:",829,"NA"," 9956",554,"NA","NA","NA"
" 1212",1224,1589.25,32,1585,1364,1756.66666667,"22/03/2011",982.5,2221.5,2011,1741," 15:18:19",3343.75,"Block 5:",4354,1348," 72668",2059.66666667,1167,3332,3369
" 1224","NA","NA",12,762,676.666666667,552,"21/03/2011","NA","NA",623,584.666666667," 14:22:05","NA","Block 1:","NA","NA"," 7719",613,"NA","NA","NA"
" 1224","NA","NA",11,"NA","NA","NA","21/03/2011",585,689,"NA","NA"," 14:22:05",931.333333333,"Block 2:","NA","NA"," 8867","NA",681.5,586,1093
" 1224",1233,1400.5,36,742,920,990.5,"21/03/2011",596.2,1109.66666667,796.5,975.5," 14:22:05",801.666666667,"Block 3:",1136,1229.5," 36453",874.666666667,1315.66666667,1265.5,1354
" 1224",1088,"NA",11,856,780.5,656,"21/03/2011","NA","NA",1208.5,725," 14:22:05","NA","Block 4:",682,"NA"," 10081",784,"NA","NA","NA"
" 1224",1128.66666667,1025,32,568,"NA",702.666666667,"21/03/2011",1556.75,812,1186.25,828.5," 14:22:05",1137.66666667,"Block 5:",887,1137," 39039",1030.5,1227.5,"NA",978
" 1234",1214,"NA",11,1352,1926,872.5,"05/04/2011","NA","NA",1314,1043," 16:17:45","NA","Block 1:",1704.33333333,"NA"," 16998",1365,"NA","NA","NA"
" 1234","NA",4458.33333333,11,"NA","NA","NA","05/04/2011","NA",1464.5,"NA","NA"," 16:17:45",2956.5,"Block 2:","NA",1275.5," 28226","NA",743,1449,1266
" 1234",810,1341.5,34,1146.33333333,1326,893,"05/04/2011",1480,"NA",693.5,736.666666667," 16:17:45",2912,"Block 3:",1084.6,796.333333333," 40458",2415,1508,742,854.5
" 1234",866,"NA",11,3167.5,2867,"NA","05/04/2011","NA","NA",954,797," 16:17:45","NA","Block 4:",854.5,"NA"," 16942","NA","NA","NA","NA"
" 1234",2222,"NA",34,899,"NA",1398,"05/04/2011",1360.25,"NA",1475,1733," 16:17:45",1255.5,"Block 5:",1728,1300," 58620",1011.5,1048.5,1734.8,3657
" 1243",1225,"NA",12,939,1007.66666667,"NA","18/01/2011","NA","NA",862.5,948," 16:48:59","NA","Block 1:",809,"NA"," 11399",895.5,"NA","NA","NA"
" 1243","NA","NA",10,"NA","NA","NA","18/01/2011",1079,961.5,"NA","NA"," 16:48:59",3988.75,"Block 2:","NA","NA"," 25820","NA",1051.5,842,3076
" 1243",1040.66666667,1930.5,34,718,"NA",640,"18/01/2011",875.666666667,1042.66666667,851.333333333,770.5," 16:48:59",703,"Block 3:",657,846," 32399",777,823.333333333,935.333333333,"NA"
" 1243",1318.5,"NA",11,646.5,"NA",1567.66666667,"18/01/2011","NA","NA",704,851," 16:48:59","NA","Block 4:",1002,"NA"," 12741",775.5,"NA","NA","NA"
" 1243",2134.4,1233.5,29,1236.33333333,1751.33333333,"NA","18/01/2011",2913.5,2289.66666667,1202.33333333,"NA"," 16:48:59",1461.5,"Block 5:",1708.66666667,2596," 72500",1646.5,1382,6459,2430
" 1321",2872,"NA",11,764.5,1278.5,1866,"24/02/2011","NA","NA",893,1047," 14:12:59","NA","Block 1:",994,"NA"," 17187","NA","NA","NA","NA"
" 1321","NA","NA",10,"NA","NA","NA","24/02/2011",1346,1291.75,"NA","NA"," 14:12:59",832,"Block 2:","NA","NA"," 28825","NA",2888,1065,10686
" 1321",1258.5,1301,31,1587.5,"NA",2072,"24/02/2011",939,1068.66666667,958,1126," 14:12:59",1106.5,"Block 3:",1437,1112.25," 44310",1536,1558,897,1045
" 1321",870.5,"NA",12,834,2694,899.5,"24/02/2011","NA","NA",707,1828.5," 14:12:59","NA","Block 4:","NA","NA"," 14194",964,"NA","NA","NA"
" 1321",2491.33333333,2136,26,1466.75,1141,"NA","24/02/2011",1866.66666667,1949.6,1294,2703," 14:12:59",2689,"Block 5:",1839,2086.33333333," 68001",1103,2494.5,1512,2030
" 1358",599,"NA",11,690.666666667,1162,831.5,"29/03/2011","NA","NA",708,610," 16:40:06","NA","Block 1:",593,"NA"," 9255",1238,"NA","NA","NA"
" 1358","NA",739.5,12,"NA","NA","NA","29/03/2011",680,1425,"NA","NA"," 16:40:06",673,"Block 2:","NA","NA"," 10603","NA",685,760,1015.5
" 1358",700.5,1140.33333333,33,983.333333333,1141,1050,"29/03/2011",987.5,893.666666667,1116,748," 16:40:06","NA","Block 3:",842,783," 32369",588.5,828.5,953,"NA"
" 1358",1244,"NA",10,856.5,622,853,"29/03/2011","NA","NA","NA",888," 16:40:06","NA","Block 4:",1101.25,"NA"," 11208",630,"NA","NA","NA"
" 1358",1236,1368,30,1378,"NA",1224,"29/03/2011",2076.5,845,920,776," 16:40:06",1045.4,"Block 5:",1508.66666667,977.5," 40616",1872,719.25,916.4,"NA"
" 1441",1294,"NA",12,672.5,814,1228,"25/03/2011","NA","NA",688,809," 14:22:30","NA","Block 1:",563,"NA"," 9745","NA","NA","NA","NA"
" 1441","NA",1094,9,"NA","NA","NA","25/03/2011",1072,1147,"NA","NA"," 14:22:30",888,"Block 2:","NA",1419," 12231","NA",835,580,1070
" 1441",1785.5,1356.33333333,26,632.75,"NA",888,"25/03/2011",795,819.75,665.666666667,899," 14:22:30",1253.66666667,"Block 3:",718.6,"NA"," 37141",1008,628.5,1815,1369
" 1441",614,"NA",11,558.5,1022,1778.5,"25/03/2011","NA","NA","NA",1425.5," 14:22:30","NA","Block 4:",741,"NA"," 12968","NA","NA","NA","NA"
" 1441",1427.66666667,1401.5,25,1092.2,2432,1292,"25/03/2011",1791,1066,978,1998," 14:22:30",2291.75,"Block 5:",1509.5,805," 55373",841,1990,1194.5,"NA"
" 1580",1308,"NA",12,763.5,834,1321.5,"31/03/2011","NA","NA","NA","NA"," 15:25:14","NA","Block 1:",583,"NA"," 11640",859.25,"NA","NA","NA"
" 1580","NA",1433,12,"NA","NA","NA","31/03/2011",957.5,1265,"NA","NA"," 15:25:14",829.5,"Block 2:","NA",934.666666667," 13411","NA","NA",1535,"NA"
" 1580",1208,1230.66666667,36,1252,804.75,"NA","31/03/2011",882.5,766,932.333333333,1237.5," 15:25:14",1756.75,"Block 3:",991,826," 39037",1102.75,868,853.5,974
" 1580","NA","NA",12,720,649,"NA","31/03/2011","NA","NA",1438.66666667,659.75," 15:25:14","NA","Block 4:",789,"NA"," 10477",682,"NA","NA","NA"
" 1580",1382,2243,36,1129.66666667,3687,799,"31/03/2011",867.5,"NA","NA",1351," 15:25:14",1419.25,"Block 5:",1523.75,1321.33333333," 47452",1190,1155.33333333,1080.4,979.5
" 1604",828.5,"NA",12,839,998,909.5,"08/04/2011","NA","NA",728,"NA"," 12:25:19","NA","Block 1:","NA","NA"," 10092",685,"NA","NA","NA"
" 1604","NA",1113.5,12,"NA","NA","NA","08/04/2011",999,852,"NA","NA"," 12:25:19",773,"Block 2:","NA",794.333333333," 10606","NA",764,752,928
" 1604",955,985,33,1085,664.333333333,2544.5,"08/04/2011",577,975,2277.5,699.5," 12:25:19",942,"Block 3:",696,726," 39631",883,1534.2,859,780
" 1604","NA","NA",9,1020,1085.5,1844,"08/04/2011","NA","NA",2360.66666667,1924.5," 12:25:19","NA","Block 4:",2291,"NA"," 21622",1521,"NA","NA","NA"
" 1604",3331.5,1884.33333333,20,"NA",1212,1541.75,"08/04/2011",2563,3192,1926.2,1859," 12:25:19",2292,"Block 5:",883,2017.6," 71846",1051.33333333,2837.33333333,1803,2540
" 1617","NA","NA",12,831,761,1078,"23/03/2011","NA","NA",899.333333333,"NA"," 11:26:46","NA","Block 1:","NA","NA"," 10567",760,"NA","NA","NA"
" 1617","NA",1107.5,11,"NA","NA","NA","23/03/2011","NA",1632.5,"NA","NA"," 11:26:46",815,"Block 2:","NA","NA"," 12762","NA",929,917,"NA"
" 1617",1170,2677.33333333,36,"NA",1448,"NA","23/03/2011",949,1057.25,1167,1487.33333333," 11:26:46",1124,"Block 3:",1285.33333333,1033.2," 47883",951,2361.5,785.5,1670
" 1617",865.333333333,"NA",11,1113.66666667,1879,1201,"23/03/2011","NA","NA",1177,707," 11:26:46","NA","Block 4:","NA","NA"," 13969",1189,"NA","NA","NA"
" 1617",2933,1362.5,32,732.5,1481.5,1029.83333333,"23/03/2011",1479,1095,1174,1019.5," 11:26:46",1303.5,"Block 5:","NA",1134," 44803",1700.5,1591,905,1186.75
" 1717",3979,"NA",12,951,1119,"NA","08/04/2011","NA","NA",745.5,1130.33333333," 11:25:17","NA","Block 1:","NA","NA"," 15701",1350,"NA","NA","NA"
" 1717","NA",1916.5,12,"NA","NA","NA","08/04/2011",1109.5,832.5,"NA","NA"," 11:25:17",975,"Block 2:","NA",1572," 13342","NA","NA",706.5,"NA"
" 1717",1012,1658,33,838,872.5,1658.5,"08/04/2011",1686.33333333,738,959.5,790.666666667," 11:25:17",1226.66666667,"Block 3:",749,2672.33333333," 43758",674.5,1481.5,628,1007.33333333
" 1717",578.5,"NA",12,790,1424,2418.5,"08/04/2011","NA","NA",1232,606.5," 11:25:17","NA","Block 4:","NA","NA"," 13317",642,"NA","NA","NA"
" 1717",2447.5,1500.33333333,33,1399.33333333,"NA",1727,"08/04/2011",5423.5,2542.33333333,2385,1311," 11:25:17",1689.5,"Block 5:",1644,"NA"," 73220",1389.66666667,1517,3213,1089.33333333
" 1748","NA","NA",12,812.75,896,896.5,"21/03/2011","NA","NA",942.5,1005," 10:23:35","NA","Block 1:","NA","NA"," 10731","NA","NA","NA","NA"
" 1748","NA",1112.66666667,12,"NA","NA","NA","21/03/2011",755.5,777,"NA","NA"," 10:23:35",688.5,"Block 2:","NA",620.5," 9633","NA",612,"NA","NA"
" 1748",712,568,34,630,1267,599.333333333,"21/03/2011",586.5,1048,688,1204," 10:23:35",759,"Block 3:",609.5,570.5," 31537",662.666666667,966.333333333,1019.33333333,2682.5
" 1748",971,"NA",10,1423,1482.75,"NA","21/03/2011","NA","NA","NA",731.5," 10:23:35","NA","Block 4:",2593,"NA"," 14734",890,"NA","NA","NA"
" 1748",1145,943,29,1412,1054,1613,"21/03/2011",910.25,1407.25,847,486," 10:23:35",1008,"Block 5:",1165.66666667,709," 45346",891,2640.33333333,1321.2,1051
" 1810",1326,"NA",12,654.5,806.5,2312.5,"01/03/2011","NA","NA",851,857.333333333," 12:20:32","NA","Block 1:",635,"NA"," 12931","NA","NA","NA","NA"
" 1810","NA","NA",7,"NA","NA","NA","01/03/2011",2458.5,947,"NA","NA"," 12:20:32",1704,"Block 2:","NA",1749.5," 20576","NA",1428,1521,1710.66666667
" 1810",757,1444.66666667,31,756.666666667,1058.33333333,2585,"01/03/2011",1397,957.333333333,647.666666667,937.333333333," 12:20:32",878,"Block 3:",1300,928," 37008",799.5,1077,807.75,"NA"
" 1810",894,"NA",10,628.333333333,"NA",509,"01/03/2011","NA","NA","NA",1005.5," 12:20:32","NA","Block 4:",939.5,"NA"," 9320",624,"NA","NA","NA"
" 1810",812,975.333333333,29,991,1634,988,"01/03/2011",1019.66666667,2383,"NA",1084.16666667," 12:20:32",1244,"Block 5:",1112,694," 40853",664,1416.5,1193.5,1110
" 1843",938,"NA",12,605.333333333,762.5,812,"07/04/2011","NA","NA","NA","NA"," 13:29:48","NA","Block 1:","NA","NA"," 8875",611,"NA","NA","NA"
" 1843","NA",1136.5,11,"NA","NA","NA","07/04/2011",593,861,"NA","NA"," 13:29:48",1193,"Block 2:","NA",914," 13152","NA",1534,1030.66666667,1499
" 1843",866,"NA",34,525,791,1007,"07/04/2011",1276.66666667,603,1867,853.5," 13:29:48",685.333333333,"Block 3:","NA",733," 36205",1143.75,598,716.25,1842
" 1843",533,"NA",12,587,579.5,491,"07/04/2011","NA","NA",582.333333333,617," 13:29:48","NA","Block 4:",846,"NA"," 7440",730,"NA","NA","NA"
" 1843","NA",1251,24,637,1120,727,"07/04/2011",1138.75,1143.5,696,601," 13:29:48",1143.5,"Block 5:",968,853.25," 35360",705,726.666666667,1469,1003
" 1879",895,"NA",12,770.5,776,832,"18/01/2011","NA","NA",1074,"NA"," 12:01:47","NA","Block 1:","NA","NA"," 10429",958,"NA","NA","NA"
" 1879","NA",999.5,12,"NA","NA","NA","18/01/2011",784.666666667,"NA","NA","NA"," 12:01:47",780,"Block 2:","NA","NA"," 11155","NA",701,1793,882
" 1879",707,588,35,707,1446,678,"18/01/2011",629.666666667,1834,662,600.5," 12:01:47",702,"Block 3:",1385,895.333333333," 32359",635.4,1821,690.8,553.5
" 1879",867,"NA",11,"NA",1756.33333333,645,"18/01/2011","NA","NA",717,923," 12:01:47","NA","Block 4:",914.5,"NA"," 12701","NA","NA","NA","NA"
" 1879",869,"NA",34,904,1539,1344.6,"18/01/2011",663,1106,911.25,700.333333333," 12:01:47",1444,"Block 5:",1206.66666667,1557.16666667," 41526",748,"NA",1158.5,1106
" 1903",949,"NA",11,740,746,687,"18/01/2011","NA","NA",956,584," 10:30:25","NA","Block 1:","NA","NA"," 9505",719,"NA","NA","NA"
" 1903","NA",723,12,"NA","NA","NA","18/01/2011",773.333333333,1014.5,"NA","NA"," 10:30:25","NA","Block 2:","NA",784," 10566","NA",1145.5,"NA",851
" 1903",917.8,898.333333333,36,682,"NA",618,"18/01/2011",603,620,683.5,693.666666667," 10:30:25",733,"Block 3:",985,839.333333333," 28862",745.5,1062.5,674.5,772
" 1903",663,"NA",12,621,917,"NA","18/01/2011","NA","NA",461,488," 10:30:25","NA","Block 4:",647.5,"NA"," 8137",825.5,"NA","NA","NA"
" 1903",915.666666667,2603,33,1099,685,1421,"18/01/2011",913,1931.66666667,1705,1567.5," 10:30:25",2032,"Block 5:",1252.5,1023," 55649",1514,2475,1424.25,1947.66666667
" 1911",1203,"NA",12,1143,1319,"NA","25/01/2011","NA","NA",1348.66666667,1700.25," 15:22:30","NA","Block 1:","NA","NA"," 16714",1101,"NA","NA","NA"
" 1911","NA","NA",11,"NA","NA","NA","25/01/2011",1007,1057.5,"NA","NA"," 15:22:30",3414,"Block 2:","NA",1130," 20322","NA",2930,1184.5,1806
" 1911","NA",3122.5,36,1247,1871,1065.6,"25/01/2011",1436,934,2088,"NA"," 15:22:30",1218.5,"Block 3:",1790,812," 56365","NA",1159.66666667,934.5,1655.33333333
" 1911",1692.66666667,"NA",12,"NA",1091,1509,"25/01/2011","NA","NA",645,735," 15:22:30","NA","Block 4:","NA","NA"," 13899",865.666666667,"NA","NA","NA"
" 1911",2081.5,2727.33333333,33,1702.5,1859.5,1389,"25/01/2011",1424,2132.25,"NA","NA"," 15:22:30",2299.66666667,"Block 5:",3055.2,921.333333333," 71623","NA",3041,1762.25,990
" 1923",851,"NA",12,551,992.5,"NA","18/03/2011","NA","NA",713,580," 12:33:28","NA","Block 1:",668,"NA"," 8428",574,"NA","NA","NA"
" 1923","NA",2007,11,"NA","NA","NA","18/03/2011",583,1294,"NA","NA"," 12:33:28",661.5,"Block 2:","NA",1304," 13103","NA",758,737,898
" 1923",624,1560,34,830,"NA",763,"18/03/2011",587.5,800.666666667,1113.8,916," 12:33:28",659,"Block 3:",822,781," 34217",618.666666667,691,1573,1015
" 1923",1207.5,"NA",12,"NA",1509,799.5,"18/03/2011","NA","NA",626,645," 12:33:28","NA","Block 4:",946,"NA"," 10672",666.5,"NA","NA","NA"
" 1923",722,806,33,1130.5,2947.66666667,2435.5,"18/03/2011",814,3503.25,755,"NA"," 12:33:28",4464.5,"Block 5:",1416.33333333,1220.4," 68170",949,1792,1676,1432
" 1956",1672,"NA",12,909,3773,1630.5,"16/02/2011","NA","NA","NA",970," 12:17:57","NA","Block 1:",1193,"NA"," 18017",1232.5,"NA","NA","NA"
" 1956","NA",1671,12,"NA","NA","NA","16/02/2011",916,950,"NA","NA"," 12:17:57",915.5,"Block 2:","NA",1129," 12876","NA",905,1655,956.333333333
" 1956",930,1014,36,"NA",1172,1269.25,"16/02/2011",909.2,931,1052.83333333,851," 12:17:57",967.333333333,"Block 3:",898,872," 36108","NA",900.666666667,1167.66666667,821
" 1956",996,"NA",12,799,1429,"NA","16/02/2011","NA","NA",1075.66666667,1105," 12:17:57","NA","Block 4:",795,"NA"," 11647",750.5,"NA","NA","NA"
" 1956",1546.5,"NA",34,1250,"NA",1656.66666667,"16/02/2011",1636.66666667,2127.5,1916,1409," 12:17:57","NA","Block 5:",1426,1250.5," 79716",1384.6,1083,3324,9334.33333333
" 1956",1094.5,"NA",12,"NA",904,"NA","30/03/2011","NA","NA",627.5,846," 15:41:01","NA","Block 1:",567,"NA"," 11034",1280.5,"NA","NA","NA"
" 19562","NA",1010.33333333,12,"NA","NA","NA","30/03/2011",929,2671,"NA","NA"," 15:41:01",1331,"Block 2:","NA",621," 12368","NA",636,705,757.5
" 19562",794,731,36,660,1026.5,799.333333333,"30/03/2011",770.5,789.333333333,986,795.333333333," 15:41:01",1169,"Block 3:",769,690," 30326",1308,754,717.5,"NA"
" 19562",893.5,"NA",12,1533,596.666666667,2512,"30/03/2011","NA","NA",947,616.5," 15:41:01","NA","Block 4:",627,"NA"," 11237",808,"NA","NA","NA"
" 19562",2571.5,1363.5,34,700.5,1293.66666667,1333,"30/03/2011",1412,844.666666667,963,808," 15:41:01",930,"Block 5:",1092,1108," 39892",715,610.5,931.75,1101
" 19563",569,"NA",12,648,684,"NA","11/04/2011","NA","NA",709.5,508," 13:15:28","NA","Block 1:","NA","NA"," 7573",479,"NA","NA","NA"
" 19563","NA",608,12,"NA","NA","NA","11/04/2011",565,610,"NA","NA"," 13:15:28",535,"Block 2:","NA",566," 8503","NA",1371,873.5,630.333333333
" 19563",1023.25,737.5,36,1224,965.666666667,702.333333333,"11/04/2011","NA","NA",941,1060.4," 13:15:28",571,"Block 3:",1130.5,675," 34431",782,1083.5,937,1086
" 19563",822.666666667,"NA",12,593,1188,690,"11/04/2011","NA","NA",1201,508," 13:15:28","NA","Block 4:",620,"NA"," 9664",888,"NA","NA","NA"
" 19563",932.5,973,36,1456.5,"NA",563.5,"11/04/2011",610.666666667,765,1154.5,682," 13:15:28",579,"Block 5:",493,817," 30671",753.5,1071.66666667,711.333333333,619
" 1970",1436,"NA",12,3131.5,1835,1035,"28/03/2011","NA","NA",864.5,1677," 11:11:33","NA","Block 1:","NA","NA"," 20914",1634.5,"NA","NA","NA"
" 1970","NA","NA",12,"NA","NA","NA","28/03/2011",843.666666667,1572,"NA","NA"," 11:11:33",723.666666667,"Block 2:","NA",1640.5," 12593","NA",901,1068.5,"NA"
" 1970",870,1053,35,1032,1146.66666667,693,"28/03/2011",859,1088,1303.16666667,1115," 11:11:33",1592.33333333,"Block 3:",868.5,1178," 39455",1247,821.5,1221,833
" 1970","NA","NA",11,1137,2304,821,"28/03/2011","NA","NA","NA",1276," 11:11:33","NA","Block 4:",1254.5,"NA"," 15911",935.5,"NA","NA","NA"
" 1970",1561,2449,32,1092.33333333,2474,1679.5,"28/03/2011",942,1802.5,2723,2473.66666667," 11:11:33",1309.25,"Block 5:",1836,1688," 63264",1360.33333333,"NA",983,2924.5
" 1986",1632,"NA",12,"NA",960.5,989.5,"24/03/2011","NA","NA",708,958.25," 14:47:10","NA","Block 1:","NA","NA"," 12052","NA","NA","NA","NA"
" 1986","NA",1095,12,"NA","NA","NA","24/03/2011",802.5,1135,"NA","NA"," 14:47:10",798,"Block 2:","NA",1079," 11450","NA",1000,798,1023.5
" 1986",1243.33333333,1610,36,999.5,1185.5,1049,"24/03/2011",771,1046.5,2612,1015," 14:47:10",1124.5,"Block 3:",1059,852.5," 41094",906,1083.5,1443,1059.5
" 1986",894.5,"NA",12,960,1118,846.5,"24/03/2011","NA","NA",970,1237," 14:47:10","NA","Block 4:",1730,"NA"," 12475",992.666666667,"NA","NA","NA"
" 1986",1182.66666667,1130.75,36,1104,"NA",1094.33333333,"24/03/2011",812,934.5,1047.75,820," 14:47:10",1290.33333333,"Block 5:",1297.57142857,1014.5," 40143","NA",939.666666667,"NA",1095.5
" 1987",617.5,"NA",12,724.333333333,671.333333333,625,"25/03/2011","NA","NA",546,"NA"," 16:17:30","NA","Block 1:",564,"NA"," 8110",953,"NA","NA","NA"
" 1987","NA",540.5,11,"NA","NA","NA","25/03/2011","NA",1404,"NA","NA"," 16:17:30",776,"Block 2:","NA",623.5," 10492","NA",602,994.5,"NA"
" 1987",641,1104.75,35,"NA",849,643.8,"25/03/2011",775.5,728,791.5,548," 16:17:30",700,"Block 3:",800.333333333,908," 29474",887.666666667,815,763,1008
" 1987",987,"NA",11,"NA",1275.5,907.333333333,"25/03/2011","NA","NA",707.5,1552," 16:17:30","NA","Block 4:",518,"NA"," 10852",553.5,"NA","NA","NA"
" 1987",3555,"NA",34,1134,"NA",980.5,"25/03/2011",965,1480,1866.5,1101," 16:17:30",1038.75,"Block 5:",2541,1200.5," 47705",1404.66666667,850.333333333,1132.75,1161.5
" 1991",985.333333333,"NA",11,765,992,"NA","02/03/2011","NA","NA",1022.5,1752," 15:09:29","NA","Block 1:","NA","NA"," 12459",716,"NA","NA","NA"
" 1991","NA",1721,11,"NA","NA","NA","02/03/2011",3030,984,"NA","NA"," 15:09:29",1015,"Block 2:","NA",1139," 15871","NA",1008.33333333,1219,1380
" 1991",990.666666667,2912,36,987,992.5,971,"02/03/2011",1072.5,4114,4399,2193.5," 15:09:29",1091,"Block 3:",1444.5,1123.8," 54623",1211.66666667,1079.5,"NA",2011
" 1991",1730,"NA",12,733.666666667,1354,"NA","02/03/2011","NA","NA",1737,1161," 15:09:29","NA","Block 4:",892,"NA"," 15606",1528.5,"NA","NA","NA"
" 1991",1874.2,1406.33333333,33,994,2483,951,"02/03/2011",2128.5,1762,1055,"NA"," 15:09:29","NA","Block 5:",1199.25,1295," 53800",1101,1111,1328.2,1477
" 19912","NA","NA",12,"NA",1097.5,771.333333333,"15/03/2011","NA","NA",782,901.666666667," 16:20:51","NA","Block 1:","NA","NA"," 10544",849.333333333,"NA","NA","NA"
" 19912","NA",717.333333333,12,"NA","NA","NA","15/03/2011",634,769,"NA","NA"," 16:20:51",603,"Block 2:","NA",593.5," 8674","NA","NA",1030.5,"NA"
" 19912",642,780.666666667,35,722.5,739,655,"15/03/2011",627,"NA",702.4,1606.75," 16:20:51","NA","Block 3:",940.666666667,694," 30122","NA",659,831,831.333333333
" 19912","NA","NA",10,"NA",1035,1340.75,"15/03/2011","NA","NA",681,940," 16:20:51","NA","Block 4:",1093,"NA"," 12103",594,"NA","NA","NA"
" 19912",1340.5,1034,29,1203.8,"NA",928.25,"15/03/2011",1990,817.5,"NA",1126.5," 16:20:51",2254.33333333,"Block 5:",2906,1466.5," 50660",1095.2,2426,979.5,952
" 2003",2404,"NA",10,1462.5,4615,1300.5,"19/01/2011","NA","NA",1399.5,1472," 13:13:36","NA","Block 1:",967.5,"NA"," 20223","NA","NA","NA","NA"
" 2003","NA",1063,12,"NA","NA","NA","19/01/2011",928.5,1015,"NA","NA"," 13:13:36","NA","Block 2:","NA",984," 13033","NA",773.333333333,1759,1261
" 2003",1571,1060,30,639.666666667,1201,703,"19/01/2011",638.75,694.333333333,702.666666667,810.5," 13:13:36",775.666666667,"Block 3:",1333.33333333,598," 31690","NA",518,638.333333333,1725.5
" 2003",1688,"NA",10,963,1803,2138,"19/01/2011","NA","NA",948,938," 13:13:36","NA","Block 4:",950.666666667,"NA"," 16815",2849,"NA","NA","NA"
" 2003",1451,2631,19,2019,1221,2837,"19/01/2011",2022,1683,960,1757," 13:13:36",2134,"Block 5:",2210,740.5," 57350",1767.5,1986.66666667,1202.66666667,1178.25
" 2069",1809,"NA",12,1172.5,1015,"NA","02/03/2011","NA","NA",1467,2476.5," 12:19:25","NA","Block 1:",1111,"NA"," 17432",1255,"NA","NA","NA"
" 2069","NA",856,12,"NA","NA","NA","02/03/2011","NA",990,"NA","NA"," 12:19:25",1690,"Block 2:","NA",986.5," 14602","NA",848.5,1575,1278
" 2069",946.666666667,1021,35,930,1593.5,968.5,"02/03/2011",2114.75,"NA",852,1579," 12:19:25",864,"Block 3:",1129.25,1065," 47554",1383,1331,1594,2056
" 2069",874,"NA",12,963.5,843,1763.5,"02/03/2011","NA","NA",866,858," 12:19:25","NA","Block 4:",886,"NA"," 12370",857,"NA","NA","NA"
" 2069",1020.5,928,35,864,1134.66666667,805,"02/03/2011","NA",4383,1122,844.2," 12:19:25",1002.33333333,"Block 5:",880,"NA"," 38139",1314.5,835,945,913.4
" 2198",6211,"NA",11,1051.33333333,1660,1097,"07/03/2011","NA","NA","NA",1749," 13:10:15","NA","Block 1:",1324.66666667,"NA"," 20602","NA","NA","NA","NA"
" 2198","NA","NA",12,"NA","NA","NA","07/03/2011",1065,970,"NA","NA"," 13:10:15",898.5,"Block 2:","NA",891.5," 12333","NA",1272.5,1106.5,990
" 2198",681,808.333333333,34,687.5,830,960,"07/03/2011",491,"NA",898.333333333,1080.75," 13:10:15",663.4,"Block 3:",723,1145.5," 30620",950.333333333,964,"NA",700
" 2198","NA","NA",11,460,783,"NA","07/03/2011","NA","NA",742,825.5," 13:10:15","NA","Block 4:",793,"NA"," 8302",734.5,"NA","NA","NA"
" 2198",4413,2513.6,20,1706.25,2833.5,2231,"07/03/2011",1979.5,"NA",1370.33333333,1548.33333333," 13:10:15",970,"Block 5:",1898,1630," 72967",3472,1718.75,"NA",2104.66666667
" 2212",1340,"NA",12,568,612,3342,"28/01/2011","NA","NA",809.5,1147.5," 17:15:17","NA","Block 1:",1184,"NA"," 15878",788,"NA","NA","NA"
" 2212","NA",1502.5,11,"NA","NA","NA","28/01/2011",685,838.666666667,"NA","NA"," 17:15:17",655,"Block 2:","NA",9293," 20255","NA",702,710,1344.5
" 2212",907,876.333333333,35,698,1086.5,1046.5,"28/01/2011",2712,"NA",907,893.666666667," 17:15:17",719.5,"Block 3:",838.25,1087," 35031",589.25,681,"NA",1613
" 2212",2311,"NA",11,606.5,"NA",829,"28/01/2011","NA","NA",725,508.5," 17:15:17","NA","Block 4:",635,"NA"," 9164",485,"NA","NA","NA"
" 2212",1186,1407.33333333,34,773.666666667,688,1173.33333333,"28/01/2011",856.75,856,1334,997.5," 17:15:17","NA","Block 5:",1195,798," 35713",996.5,900.75,914.5,784
" 2232",1368,"NA",9,1809,"NA",1055.33333333,"21/01/2011","NA","NA",1001,1442," 15:19:22","NA","Block 1:","NA","NA"," 14554",986,"NA","NA","NA"
" 2232","NA",1520,12,"NA","NA","NA","21/01/2011",798.333333333,871,"NA","NA"," 15:19:22",993.5,"Block 2:","NA",1448," 13136","NA",1211,1293,1118
" 2232",1760.5,1646.33333333,30,817,1362.33333333,1330.5,"21/01/2011",1149,982,802.5,940.5," 15:19:22",868,"Block 3:",1361.66666667,1207," 40463",727,876.75,913.333333333,"NA"
" 2232",683,"NA",8,882.75,1097,1546,"21/01/2011","NA","NA",1722,2494," 15:19:22","NA","Block 4:","NA","NA"," 14144",1291,"NA","NA","NA"
" 2232",875.5,915,29,715,1132,1234.5,"21/01/2011",1126.25,"NA",1962,1087," 15:19:22",2452,"Block 5:",1639.5,2666," 52247","NA",1465,1454.75,1435.33333333
" 2245",1091,"NA",12,"NA",1394,836.333333333,"30/03/2011","NA","NA",1200.5,1009," 17:27:44","NA","Block 1:",6315,"NA"," 17747",1009.33333333,"NA","NA","NA"
" 2245","NA",932,12,"NA","NA","NA","30/03/2011",1060,3197,"NA","NA"," 17:27:44",795.666666667,"Block 2:","NA",1756," 16713","NA",1132,"NA","NA"
" 2245",1456.28571429,1202,34,2221,874,849,"30/03/2011",808.5,870,991.666666667,922," 17:27:44",1106,"Block 3:",2300,812," 46506",2003,1417,862.666666667,1760
" 2245",1221,"NA",12,1142,2404,1482,"30/03/2011","NA","NA",1027.66666667,"NA"," 17:27:44","NA","Block 4:",990,"NA"," 14527",994.666666667,"NA","NA","NA"
" 2245",1657,3739.5,24,3242.75,3417.5,1134.5,"30/03/2011","NA",1217,3912,3047," 17:27:44","NA","Block 5:",1237,2688.5," 95775",1306,1445.5,3386.66666667,2937.25
" 2345","NA","NA",12,839,1410.33333333,1297,"01/04/2011","NA","NA","NA",2812.66666667," 13:18:32","NA","Block 1:","NA","NA"," 20137",1369,"NA","NA","NA"
" 2345","NA",1080,12,"NA","NA","NA","01/04/2011",1110,1394.5,"NA","NA"," 13:18:32",1270,"Block 2:","NA",1703.5," 20909","NA",2542,1560,2067
" 2345","NA",14400,33,2322.4,2153,1007,"01/04/2011",1666.5,962,1011.5,1240," 13:18:32",1835,"Block 3:",3996,5181.5," 95983",1130,836.8,1368.6,1373
" 2345","NA","NA",12,2703.5,781.666666667,852,"01/04/2011","NA","NA",785,935," 13:18:32","NA","Block 4:",927.5,"NA"," 14049","NA","NA","NA","NA"
" 2345",5449,3194.5,36,2659.5,4769,2281,"01/04/2011",5246.5,3528.5,2653,3337.66666667," 13:18:32",1799.33333333,"Block 5:",2984,2651," 126363",1545,3701.33333333,3952.5,4871
" 2385",2030,"NA",12,1469,"NA",963.666666667,"06/04/2011","NA","NA",1131,1074.33333333," 13:17:27","NA","Block 1:",1611,"NA"," 15435","NA","NA","NA","NA"
" 2385","NA",911,12,"NA","NA","NA","06/04/2011",1460,1670,"NA","NA"," 13:17:27",1385,"Block 2:","NA",1417," 14831","NA","NA",1142,1280
" 2385",757,1145,34,2448,8111,2554.75,"06/04/2011",3456,1148,2171,1506.5," 13:17:27",715.5,"Block 3:",1536.75,1118," 77670",1580,1055.66666667,"NA",921.25
" 2385",1690,"NA",12,"NA",1044,611,"06/04/2011","NA","NA",986,824," 13:17:27","NA","Block 4:",875.333333333,"NA"," 10876",723.5,"NA","NA","NA"
" 2385",1080,3507,31,1187.25,1126,1244.5,"06/04/2011",2329,3451.5,865.666666667,969," 13:17:27",1585,"Block 5:",1342.66666667,2660.5," 58245",1798,"NA",1847.33333333,1882
" 2456",1072,"NA",11,1115,1302,1814,"17/01/2011","NA","NA",2379.33333333,1804.5," 12:43:39","NA","Block 1:","NA","NA"," 19427",1190,"NA","NA","NA"
" 2456","NA",944,12,"NA","NA","NA","17/01/2011",1491.5,1113,"NA","NA"," 12:43:39",853.5,"Block 2:","NA","NA"," 13329","NA",970.5,1021,1206.66666667
" 2456","NA",1178.5,33,708.333333333,924,1133,"17/01/2011",737.333333333,856.5,1304.5,874," 12:43:39",973,"Block 3:",1382,1054," 34288",825,"NA",935,663.5
" 2456","NA","NA",11,753.333333333,1323.33333333,708,"17/01/2011","NA","NA",742,620," 12:43:39","NA","Block 4:","NA","NA"," 11412",1202,"NA","NA","NA"
" 2456","NA",1388,30,723,1656,1329.25,"17/01/2011","NA",1540,1083,1446.5," 12:43:39",2370,"Block 5:",1303.33333333,1909.5," 51120",1007,"NA","NA",1722.5
" 2510",2498,"NA",10,1754.33333333,1014,4229.66666667,"24/03/2011","NA","NA",4410,2450," 12:25:02","NA","Block 1:",1094,"NA"," 33828","NA","NA","NA","NA"
" 2510","NA",685,12,"NA","NA","NA","24/03/2011",884,1132,"NA","NA"," 12:25:02",1501,"Block 2:","NA",876," 12605","NA",623,794,1749.5
" 2510",752.5,975.666666667,34,1159.75,1134.5,673.5,"24/03/2011","NA",1674.33333333,1837,777.5," 12:25:02",979.833333333,"Block 3:",937.666666667,783," 38712",859,834,1026,716
" 2510",800.5,"NA",10,1232,"NA",762,"24/03/2011","NA","NA",4225,693," 12:25:02","NA","Block 4:",1943.5,"NA"," 18060",2904,"NA","NA","NA"
" 2510",2852,1416,33,1976,"NA",1785.33333333,"24/03/2011",1154,1703.66666667,2989.66666667,1513," 12:25:02",703,"Block 5:",2798,2473.33333333," 71823",2111,1359.5,3262.4,1163.4
" 2610",772.333333333,"NA",12,699,822.5,966,"21/03/2011","NA","NA","NA",740.25," 11:19:10","NA","Block 1:",802,"NA"," 9390","NA","NA","NA","NA"
" 2610","NA",1078.5,12,"NA","NA","NA","21/03/2011","NA",834.5,"NA","NA"," 11:19:10",986.5,"Block 2:","NA","NA"," 10124","NA",721.25,"NA",720
" 2610",1062,1322.5,33,1090,669.333333333,894.75,"21/03/2011",726,674,572.25,666.333333333," 11:19:10",1202.5,"Block 3:",688,"NA"," 30723",879,1174,692.5,1143.33333333
" 2610",838,"NA",10,958,986,719,"21/03/2011","NA","NA",950,733," 11:19:10","NA","Block 4:",960.333333333,"NA"," 10717",716,"NA","NA","NA"
" 2610",1112.5,1274.25,31,822,1162,901.6,"21/03/2011",853.666666667,1235,1206,"NA"," 11:19:10","NA","Block 5:",1017,1259," 38783",923,"NA",1067,1144
" 2634","NA","NA",12,1047.33333333,"NA",793.5,"20/01/2011","NA","NA",928,628," 17:12:56","NA","Block 1:",841,"NA"," 13211",1521.25,"NA","NA","NA"
" 2634","NA",664.666666667,12,"NA","NA","NA","20/01/2011",713,1293,"NA","NA"," 17:12:56","NA","Block 2:","NA",1628," 12139","NA","NA",1248,714.5
" 2634",2066,944,36,931,843.5,939,"20/01/2011",605,806,864.5,550," 17:12:56",1479,"Block 3:",919.4,624," 35082",604,1022,998.25,751
" 2634","NA","NA",12,819,733.5,1007.33333333,"20/01/2011","NA","NA",729,1128.33333333," 17:12:56","NA","Block 4:",905.5,"NA"," 11233","NA","NA","NA","NA"
" 2634",1352,752.2,31,929,1186,"NA","20/01/2011",2489,776,1897,1309," 17:12:56",2196.33333333,"Block 5:","NA",810.4," 45531",1124.66666667,920.5,1009,1507.2
" 2679","NA","NA",12,812.666666667,724,690,"24/02/2011","NA","NA","NA",496," 11:15:45","NA","Block 1:","NA","NA"," 8294",656,"NA","NA","NA"
" 2679","NA",1168,12,"NA","NA","NA","24/02/2011",775,"NA","NA","NA"," 11:15:45",714,"Block 2:","NA",1082," 11277","NA",891,1019.66666667,822.5
" 2679",1457,1024,36,895.75,939.333333333,673,"24/02/2011",891,1412.75,762,1672," 11:15:45",836,"Block 3:",957,1132.66666667," 41138",1585.5,1083.75,1943,1292
" 2679",1162.5,"NA",11,843,879,1184.5,"24/02/2011","NA","NA","NA",630," 11:15:45","NA","Block 4:",827.333333333,"NA"," 11286","NA","NA","NA","NA"
" 2679",976,1028,32,1107,1227.33333333,1058,"24/02/2011",1080,2190.16666667,1036,844," 11:15:45",942,"Block 5:",769,1299.4," 44398","NA",1010,642,868.666666667
" 2712","NA","NA",11,1020.5,1412.66666667,3528,"18/01/2011","NA","NA",2794.5,1096.33333333," 14:08:50","NA","Block 1:","NA","NA"," 19867",1182,"NA","NA","NA"
" 2712","NA",935,11,"NA","NA","NA","18/01/2011",814.5,1846.5,"NA","NA"," 14:08:50","NA","Block 2:","NA",1053," 16337","NA",968,937,2550.5
" 2712",916.666666667,1048.66666667,34,"NA",773,812.5,"18/01/2011",813,1016.33333333,"NA",902.333333333," 14:08:50",837.333333333,"Block 3:",1534,665," 35275",753,895.666666667,1517,1589.33333333
" 2712",871,"NA",12,1104,982.666666667,974,"18/01/2011","NA","NA",733,1005.5," 14:08:50","NA","Block 4:",1198,"NA"," 11716",773,"NA","NA","NA"
" 2712",2670.5,946,31,855,1930.8,1331,"18/01/2011","NA",1135.2,1201,710," 14:08:50",1057.5,"Block 5:",1160,"NA"," 51545","NA",1116.66666667,1812.5,1170
" 27122",992,"NA",12,588,712,1144.66666667,"13/04/2011","NA","NA",671,641," 16:15:26","NA","Block 1:",591.333333333,"NA"," 9335",523,"NA","NA","NA"
" 27122","NA",805,12,"NA","NA","NA","13/04/2011","NA","NA","NA","NA"," 16:15:26",707.5,"Block 2:","NA",540," 9843","NA",1075.25,567,800
" 27122",1199,1574,35,686,818,1014,"13/04/2011",758.5,1791,703,767.5," 16:15:26","NA","Block 3:","NA",842," 38148",1311.75,696,1134,688
" 27122",807,"NA",12,"NA",1762,966,"13/04/2011","NA","NA",1881,770.333333333," 16:15:26","NA","Block 4:",1774,"NA"," 13439",562,"NA","NA","NA"
" 27122",2278,1328,34,1018.33333333,1245.25,"NA","13/04/2011",1761,1300.2,1180.25,976.666666667," 16:15:26",980,"Block 5:",1535.33333333,977," 47659","NA",1119.5,948,"NA"
" 2928",2748,"NA",11,1291.5,1135,748,"01/02/2011","NA","NA",1005.5,1090," 13:45:00","NA","Block 1:","NA","NA"," 14035",747.5,"NA","NA","NA"
" 2928","NA",1076,12,"NA","NA","NA","01/02/2011",1919.5,"NA","NA","NA"," 13:45:00",1001,"Block 2:","NA",960," 15304","NA",1170.5,1364,1727
" 2928",1401,944.5,36,2883,1357.33333333,760.666666667,"01/02/2011",777,955,1057,895.25," 13:45:00",1863.5,"Block 3:","NA",1066," 37487","NA",1031,843.5,782.428571429
" 2928",1213,"NA",12,927,957,1030,"01/02/2011","NA","NA",1525,997," 13:45:00","NA","Block 4:","NA","NA"," 12754",864.5,"NA","NA","NA"
" 2928",1765,1772,33,1586,754.5,1623.5,"01/02/2011",1370,1524,"NA",1105.75," 13:45:00",2250,"Block 5:",1196,959," 53053",1648.33333333,1965.33333333,"NA",1068.33333333
" 2983",767,"NA",12,681.5,793,708.5,"13/04/2011","NA","NA",629,667," 15:17:38","NA","Block 1:","NA","NA"," 8708",871,"NA","NA","NA"
" 2983","NA",791.5,11,"NA","NA","NA","13/04/2011","NA","NA","NA","NA"," 15:17:38",1069,"Block 2:","NA",652.666666667," 12814","NA",1044.5,1146,2677
" 2983","NA",2879.5,35,768,1717,786,"13/04/2011",738,1391,884.2,894.25," 15:17:38",1183.2,"Block 3:",598,646," 39681",1386,687,909,728
" 2983",1085,"NA",12,576,"NA",558,"13/04/2011","NA","NA",1287.5,456," 15:17:38","NA","Block 4:",540,"NA"," 9010",581,"NA","NA","NA"
" 2983",990.5,1481.5,33,1048.33333333,2016.4,1111,"13/04/2011",1321,2241.66666667,1576,1139.33333333," 15:17:38",792,"Block 5:",921,843.5," 50819",632,2677,1032.5,1823
" 3049",961,"NA",12,"NA",813,839,"31/03/2011","NA","NA",611.5,"NA"," 13:23:05","NA","Block 1:",658.666666667,"NA"," 8697",603.5,"NA","NA","NA"
" 3049","NA","NA",11,"NA","NA","NA","31/03/2011",700,1221.5,"NA","NA"," 13:23:05",631.5,"Block 2:","NA",646.666666667," 9238","NA",879,656.5,"NA"
" 3049",948.5,"NA",33,708,699.5,866.333333333,"31/03/2011","NA",662,900.5,928," 13:23:05",1740.5,"Block 3:",922.5,818.4," 32201","NA",836.6,798.5,929
" 3049","NA","NA",12,667.5,513,"NA","31/03/2011","NA","NA",725,574," 13:23:05","NA","Block 4:",845,"NA"," 7960",769,"NA","NA","NA"
" 3049",1116,776,28,956,1248,725.5,"31/03/2011",1037,618.5,1103,860.5," 13:23:05","NA","Block 5:",713,918.333333333," 33316",614.333333333,709.5,1136,955.25
" 3101",930,"NA",12,667,718,622,"21/01/2011","NA","NA",768,868," 16:15:29","NA","Block 1:",637,"NA"," 8861",710,"NA","NA","NA"
" 3101","NA",1650,12,"NA","NA","NA","21/01/2011",651.5,"NA","NA","NA"," 16:15:29",1007,"Block 2:","NA",1516.5," 12000","NA",691,"NA",920
" 3101",1312.5,1111.2,33,657,972.5,1004,"21/01/2011",768,800,"NA",1067.66666667," 16:15:29",778,"Block 3:",1322,725.666666667," 36232",875.5,"NA",1919.5,783
" 3101",725,"NA",12,"NA",993,689.5,"21/01/2011","NA","NA",1323,640.666666667," 16:15:29","NA","Block 4:","NA","NA"," 10073",802.666666667,"NA","NA","NA"
" 3101",1550.6,1336.75,33,1439.5,1227,981,"21/01/2011",1050,1117,1436.66666667,1555," 16:15:29",1224,"Block 5:",1984.66666667,1649.5," 50647","NA","NA",754,1650
" 3190",1244,"NA",11,657,"NA",665.5,"06/04/2011","NA","NA",670.333333333,1729," 10:58:41","NA","Block 1:",574,"NA"," 9499",639,"NA","NA","NA"
" 3190","NA",734,12,"NA","NA","NA","06/04/2011",690,709,"NA","NA"," 10:58:41",2081,"Block 2:","NA",655," 11111","NA",724,1035,1007.5
" 3190",877,979.5,34,1944,"NA",750.5,"06/04/2011",810.333333333,762.333333333,"NA",903.5," 10:58:41",683,"Block 3:",1372,726," 34303",914.166666667,835.333333333,1002.33333333,768
" 3190",886,"NA",12,545,1296.33333333,1248.5,"06/04/2011","NA","NA",1152,636," 10:58:41","NA","Block 4:",868,"NA"," 11745","NA","NA","NA","NA"
" 3190",1006,675,33,921.75,1162.33333333,"NA","06/04/2011","NA",1066,562,919.333333333," 10:58:41",668,"Block 5:",1471,2292.66666667," 41291",1375.5,1100,1023.25,1084
" 3497",1183,"NA",12,658,1467,879,"28/03/2011","NA","NA",886,2912," 14:26:29","NA","Block 1:",921,"NA"," 14382",1029.33333333,"NA","NA","NA"
" 3497","NA","NA",11,"NA","NA","NA","28/03/2011",1357.5,"NA","NA","NA"," 14:26:29",1002,"Block 2:","NA",1030," 17892","NA",1612,"NA",2083
" 3497",1314,829.5,36,1131.33333333,1082,675,"28/03/2011","NA","NA",1082,820.75," 14:26:29",769.75,"Block 3:",1311,723.5," 33987",1213,885,886.4,786
" 3497",3933,"NA",8,1355,4175,1465.5,"28/03/2011","NA","NA",3962,2747," 14:26:29","NA","Block 4:","NA","NA"," 36202",1096,"NA","NA","NA"
" 3497",1696,1072,28,"NA",2212,2084.2,"28/03/2011",2472.5,2211,"NA",2399.4," 14:26:29",1564.33333333,"Block 5:",2609,"NA"," 81052",2538.33333333,1104,3137.66666667,1657
" 3580",703,"NA",12,580,893,609,"01/04/2011","NA","NA",574,812.5," 11:22:13","NA","Block 1:",616,"NA"," 7928",523,"NA","NA","NA"
" 3580","NA",557,12,"NA","NA","NA","01/04/2011",608,698,"NA","NA"," 11:22:13",744.5,"Block 2:","NA",603," 8612","NA",673,586,1574
" 3580",1015,1651.5,34,748,"NA",613,"01/04/2011",652,947,847.25,1001," 11:22:13",900,"Block 3:",1261,865," 32322",577,1016.5,1554,887.75
" 3580",1023,"NA",9,900.666666667,1117,932.666666667,"01/04/2011","NA","NA","NA",642.5," 11:22:13","NA","Block 4:","NA","NA"," 10693",651,"NA","NA","NA"
" 3580",1068,1206,32,647.5,744,741,"01/04/2011",852.25,"NA",697.75,1308," 11:22:13","NA","Block 5:",1435.33333333,1478," 33073",768,806,622,872
" 3687",1461,"NA",12,"NA",1029,1093,"14/04/2011","NA","NA",1153,1354.66666667," 12:19:30","NA","Block 1:",1328,"NA"," 21483",4499,"NA","NA","NA"
" 3687","NA",2391,12,"NA","NA","NA","14/04/2011",840.5,1014,"NA","NA"," 12:19:30",827,"Block 2:","NA",916," 14867","NA",1207.33333333,1198,"NA"
" 3687",1055,1123,36,1248.66666667,"NA","NA","14/04/2011",1036.75,879,673.666666667,"NA"," 12:19:30",1387.5,"Block 3:",1415.5,697," 38280","NA",600,1057.33333333,1477.75
" 3687",693.5,"NA",12,2320,"NA",732.333333333,"14/04/2011","NA","NA","NA",683.666666667," 12:19:30","NA","Block 4:",2337,"NA"," 14949","NA","NA","NA","NA"
" 3687",1338,1271.5,26,1680.5,2084,909.25,"14/04/2011",880,2717.66666667,"NA","NA"," 12:19:30",1530.66666667,"Block 5:",3175,1018," 56469",810.5,797.5,2766.33333333,1465.6
" 3725",2166,"NA",11,730,6358.5,"NA","13/04/2011","NA","NA",2842.33333333,789," 12:29:08","NA","Block 1:","NA","NA"," 29472",792.333333333,"NA","NA","NA"
" 3725","NA",919.5,11,"NA","NA","NA","13/04/2011",713.666666667,1471.33333333,"NA","NA"," 12:29:08","NA","Block 2:","NA",3288," 14147","NA","NA",808,828.5
" 3725",730,1233,34,647,1165,623.5,"13/04/2011",857.666666667,793.6,545,713," 12:29:08",1347.66666667,"Block 3:",883,839.5," 32383",800.5,746,1075.5,983.5
" 3725",769,"NA",12,743.5,1750,718,"13/04/2011","NA","NA",826.5,642.5," 12:29:08","NA","Block 4:",594,"NA"," 9316",530,"NA","NA","NA"
" 3725",1438,3042.33333333,21,1710.5,2317.5,2345,"13/04/2011",1068,1512.33333333,1346,1394," 12:29:08",1480,"Block 5:",1440.5,1344," 61164",914,1131,1730.5,2019.2
" 4010","NA","NA",12,1124,1108,"NA","20/01/2011","NA","NA",1452.5,1341," 16:11:25","NA","Block 1:",2101.5,"NA"," 16649",1504,"NA","NA","NA"
" 4010","NA",915,12,"NA","NA","NA","20/01/2011",936,1358.33333333,"NA","NA"," 16:11:25",956,"Block 2:","NA","NA"," 12695","NA",865,980,1116
" 4010","NA",1667.2,35,873,1510,"NA","20/01/2011",849,859,942,847," 16:11:25",1107,"Block 3:",974,965.6," 40074","NA",839,1792,1098
" 4010",1086.5,"NA",11,"NA",872,"NA","20/01/2011","NA","NA",4428,"NA"," 16:11:25","NA","Block 4:",752.5,"NA"," 13886",807.2,"NA","NA","NA"
" 4010",2425,1957,32,1211,2679,2373.5,"20/01/2011",990.5,1062.33333333,1925.5,1059.6," 16:11:25",1416,"Block 5:","NA",1753," 50543",1278.5,780.5,1754.5,"NA"
" 4062",1874.33333333,"NA",12,829,977,1570,"01/04/2011","NA","NA",896,851," 16:15:33","NA","Block 1:",934,"NA"," 15177",1334,"NA","NA","NA"
" 4062","NA",721,11,"NA","NA","NA","01/04/2011",809,863.5,"NA","NA"," 16:15:33",704,"Block 2:","NA",864," 14615","NA",939.5,1033,4812
" 4062",921,1128.5,33,953.333333333,1621,896,"01/04/2011",890.5,923,870.5,1154.33333333," 16:15:33",899.5,"Block 3:",2148,"NA"," 40348",968,924.5,1049.5,1769
" 4062",1080.66666667,"NA",12,"NA","NA",989.333333333,"01/04/2011","NA","NA",872.666666667,1016," 16:15:33","NA","Block 4:",1324,"NA"," 12112",944,"NA","NA","NA"
" 4062",1195.5,"NA",31,1329,1154.5,883,"01/04/2011",1383.5,1893,925.5,1063.5," 16:15:33",2169.33333333,"Block 5:",1695.2,1230.25," 49556",949,1153.5,850,1843.5
" 4181",826,"NA",12,"NA",979,1420,"20/01/2011","NA","NA",2104.2,1889," 10:47:11","NA","Block 1:",868,"NA"," 18118",807.5,"NA","NA","NA"
" 4181","NA",925,12,"NA","NA","NA","20/01/2011",1191.75,911,"NA","NA"," 10:47:11",939,"Block 2:","NA",1043," 12520","NA","NA",1056.5,"NA"
" 4181",1509,"NA",34,771,2331,719.666666667,"20/01/2011",556.5,764.333333333,3591.5,762.4," 10:47:11",911,"Block 3:",1101.5,1959.5," 42748",860,1528.5,"NA",2735
" 4181","NA","NA",10,1458,4005.33333333,1935.33333333,"20/01/2011","NA","NA",765,"NA"," 10:47:11","NA","Block 4:","NA","NA"," 24457",1103,"NA","NA","NA"
" 4181",986.5,1872.5,30,1361.25,2139,1719,"20/01/2011",2685.33333333,2257,2572,1089," 10:47:11",2350.5,"Block 5:",1833,939," 65919",1408.33333333,1761.5,2426.5,2921
" 4228",1163,"NA",12,1090.66666667,"NA",1908.66666667,"15/03/2011","NA","NA",976,"NA"," 14:01:45","NA","Block 1:",836,"NA"," 15218",1041,"NA","NA","NA"
" 4228","NA",968,12,"NA","NA","NA","15/03/2011",950,762,"NA","NA"," 14:01:45",1799.5,"Block 2:","NA",1186," 12418","NA",765.5,825,867
" 4228",761.333333333,802,34,656,"NA",1498.33333333,"15/03/2011",1544.66666667,750,749,930.5," 14:01:45",1391.5,"Block 3:",741.5,893," 36478",727,554,1017.5,1192
" 4228",741.666666667,"NA",11,1064.33333333,1140,1130,"15/03/2011","NA","NA","NA",766," 14:01:45","NA","Block 4:",1163,"NA"," 11546","NA","NA","NA","NA"
" 4228",3243,2603,33,827,698,2709,"15/03/2011",1268,2039,942.333333333,1763," 14:01:45",1746.66666667,"Block 5:",734,1131.75," 61811",1350.4,1383,1295.75,3706
" 4242",638.5,"NA",12,622.5,730,546,"22/02/2011","NA","NA",584.5,573," 13:15:39","NA","Block 1:",807,"NA"," 7614",460,"NA","NA","NA"
" 4242","NA",926,12,"NA","NA","NA","22/02/2011",632,658.5,"NA","NA"," 13:15:39",562,"Block 2:","NA",666," 10273","NA",668,906.666666667,1391
" 4242",795,933.5,34,1051,2990,606.5,"22/02/2011",839.25,1134,1031.5,840," 13:15:39","NA","Block 3:",615.666666667,944.4," 32293",680.5,711.5,795.5,667
" 4242",862,"NA",11,1186,490.666666667,505,"22/02/2011","NA","NA","NA","NA"," 13:15:39","NA","Block 4:",728,"NA"," 8128",589.5,"NA","NA","NA"
" 4242",671,1777,32,1390,973.5,743.666666667,"22/02/2011",1067,2522,2615,1175.5," 13:15:39",1226.33333333,"Block 5:",2280.5,1285," 57136",2877.33333333,"NA",1583.33333333,870.5
" 4278",1110,"NA",12,1127.75,866,"NA","07/04/2011","NA","NA",932,1135.5," 15:31:51","NA","Block 1:",1873,"NA"," 14237",1337,"NA","NA","NA"
" 4278","NA",823.5,12,"NA","NA","NA","07/04/2011",796,1603.5,"NA","NA"," 15:31:51",565.5,"Block 2:","NA","NA"," 11012","NA",1171,710,930
" 4278",1267.5,893,34,1398,795.5,1286.4,"07/04/2011",1039.5,1394.33333333,1076.33333333,"NA"," 15:31:51",848.5,"Block 3:",1108,1703," 41694",1355.5,642,676,1145.4
" 4278","NA","NA",12,1014,883.5,674,"07/04/2011","NA","NA",797.333333333,1108.5," 15:31:51","NA","Block 4:",1405,"NA"," 11502",628,"NA","NA","NA"
" 4278",1763,1364,34,718,858,1272,"07/04/2011",722.5,1108.5,957.5,931," 15:31:51","NA","Block 5:",1259,748," 37861",1296,"NA",764.5,1124.5
" 4325",844.5,"NA",12,634.5,790,697,"19/01/2011","NA","NA",695,683," 10:42:46","NA","Block 1:",823,"NA"," 9027",842,"NA","NA","NA"
" 4325","NA",685,12,"NA","NA","NA","19/01/2011","NA",706,"NA","NA"," 10:42:46",594,"Block 2:","NA",673," 9793","NA",764.5,1144.66666667,724
" 4325",709,622,35,583.333333333,"NA",654.333333333,"19/01/2011",949.25,871,"NA",1258.75," 10:42:46",608.5,"Block 3:",714.5,645," 30225",517.333333333,672,614,1805.66666667
" 4325",642.5,"NA",12,642,799.5,606,"19/01/2011","NA","NA",1061.66666667,561.5," 10:42:46","NA","Block 4:","NA","NA"," 9046","NA","NA","NA","NA"
" 4325",1671,971,36,1041.25,1233,1012.66666667,"19/01/2011","NA",845,2097.8,663," 10:42:46",735,"Block 5:",876.333333333,1675," 47202",847,653,1425.66666667,2111
" 4391",829.5,"NA",12,651.5,758,628.5,"06/04/2011","NA","NA",2005,669," 16:13:28","NA","Block 1:","NA","NA"," 9619",656,"NA","NA","NA"
" 4391","NA","NA",11,"NA","NA","NA","06/04/2011",612,621.5,"NA","NA"," 16:13:28",760.5,"Block 2:","NA",952.5," 10423","NA","NA",642,1608
" 4391",627,1785,33,655,852.333333333,561,"06/04/2011",888.8,579,1048.33333333,632.333333333," 16:13:28",841.75,"Block 3:",782,699," 32031",484,722,718.8,3114
" 4391",744,"NA",11,949,631.5,583,"06/04/2011","NA","NA",1140,947," 16:13:28","NA","Block 4:",690,"NA"," 9767",779,"NA","NA","NA"
" 4391",794.5,732,30,710.2,827,"NA","06/04/2011",885,587,1071,1224.66666667," 16:13:28",1276,"Block 5:","NA",3248.5," 44896",1389,2705,792.5,1354
" 4662",599.5,"NA",11,788,478,638.666666667,"01/04/2011","NA","NA",590,819.666666667," 17:22:22","NA","Block 1:","NA","NA"," 8020","NA","NA","NA","NA"
" 4662","NA",927.5,11,"NA","NA","NA","01/04/2011",520.5,"NA","NA","NA"," 17:22:22",485,"Block 2:","NA",624," 10496","NA","NA",1163,1189
" 4662",693.2,559.333333333,33,550.5,488.5,453,"01/04/2011","NA",1186.6,570.666666667,1304.66666667," 17:22:22",1185,"Block 3:",705,618," 28569",735,836,1297,539.5
" 4662",890.5,"NA",12,1352.5,534,844.5,"01/04/2011","NA","NA","NA",815," 17:22:22","NA","Block 4:",536.5,"NA"," 9840",428,"NA","NA","NA"
" 4662",651,1155.8,28,886,1965,947,"01/04/2011",806,767,1210.28571429,923," 17:22:22",395,"Block 5:",1207.5,1192," 42328",832.333333333,849,"NA",2005.66666667
" 4892",947.333333333,"NA",12,1012.5,784,"NA","04/04/2011","NA","NA",929,818," 11:23:07","NA","Block 1:",956.5,"NA"," 11058","NA","NA","NA","NA"
" 4892","NA",839,12,"NA","NA","NA","04/04/2011",915,"NA","NA","NA"," 11:23:07",897,"Block 2:","NA",591," 10807","NA",1127.66666667,592,889
" 4892","NA",590,32,1434.2,802,1290.71428571,"04/04/2011",618.5,1152,919,739," 11:23:07",1029.33333333,"Block 3:",907,"NA"," 38593",1793,659,642,975
" 4892",2697,"NA",11,756,790.666666667,1972,"04/04/2011","NA","NA",721,821," 11:23:07","NA","Block 4:",1298.5,"NA"," 14826",918,"NA","NA","NA"
" 4892",995.5,1708,30,609,3723,1781.33333333,"04/04/2011",1215.5,1326.5,1254.83333333,1178," 11:23:07",1751,"Block 5:",1608.4,"NA"," 57309",2741,1135.5,1696,2422
" 5209",3865,"NA",10,891.5,935,1368.5,"31/03/2011","NA","NA",2748.33333333,"NA"," 14:28:47","NA","Block 1:",1462,"NA"," 23635",743,"NA","NA","NA"
" 5209","NA",2504,11,"NA","NA","NA","31/03/2011","NA","NA","NA","NA"," 14:28:47",1637.5,"Block 2:","NA",707.5," 16069","NA",1045.25,928,1262
" 5209",854.5,1385.5,35,4350,847,818,"31/03/2011",967,905.333333333,1079.33333333,683," 14:28:47",651,"Block 3:",1572.5,806.75," 43216",1333,1647.6,"NA",1052
" 5209",4725.5,"NA",10,689,1840,"NA","31/03/2011","NA","NA",1621,1615.33333333," 14:28:47","NA","Block 4:",1244,"NA"," 24625",1644.66666667,"NA","NA","NA"
" 5209",4068.33333333,2228,31,1076,3782.25,2039,"31/03/2011","NA",1804.33333333,1442,1601.66666667," 14:28:47",1901.6,"Block 5:",2633,"NA"," 87183","NA",3464.5,1059,1918.5
" 5324",1838,"NA",12,573,"NA",986,"30/03/2011","NA","NA",1367,843.5," 12:23:16","NA","Block 1:","NA","NA"," 11339",633.75,"NA","NA","NA"
" 5324","NA",920.5,12,"NA","NA","NA","30/03/2011",1273,1472,"NA","NA"," 12:23:16",731,"Block 2:","NA","NA"," 12556","NA","NA",910.666666667,1230
" 5324",798.4,745.2,36,611,"NA",873,"30/03/2011",934.666666667,579,1364.33333333,1483," 12:23:16",701,"Block 3:",975,818.4," 30705",639,804.5,549,729
" 5324",934.5,"NA",11,982,737,1579.5,"30/03/2011","NA","NA",455,605.5," 12:23:16","NA","Block 4:",714,"NA"," 10485",644,"NA","NA","NA"
" 5324",1470.33333333,"NA",33,895.5,3308.5,1236.66666667,"30/03/2011","NA",2264,2062,1167," 12:23:16",1550,"Block 5:",1158.66666667,"NA"," 55712",864,1230,1492.5,1783
" 5262",1063.5,"NA",12,976,"NA",796,"29/03/2011","NA","NA",777,866," 14:16:01","NA","Block 1:",960.5,"NA"," 11685",1118.66666667,"NA","NA","NA"
" 5262","NA",735,12,"NA","NA","NA","29/03/2011",847.5,994.5,"NA","NA"," 14:16:01","NA","Block 2:","NA",836.666666667," 11146","NA",952,1571,847
" 5262",916.2,1269,36,662.333333333,767,874,"29/03/2011",712,849.666666667,671.5,"NA"," 14:16:01",856,"Block 3:",1063.5,695.666666667," 32211",768,1609.33333333,619,638
" 5262",1249,"NA",12,541.5,2517.66666667,"NA","29/03/2011","NA","NA",705,1272.33333333," 14:16:01","NA","Block 4:",682,"NA"," 15771","NA","NA","NA","NA"
" 5262","NA",1759,33,1010.5,1364,1048,"29/03/2011",2316.33333333,1372.5,1700,966," 14:16:01",698,"Block 5:",1280.33333333,689," 47086",1005.66666667,856.333333333,4746,918
" 5328",937,"NA",12,769,690.5,1042,"31/03/2011","NA","NA",1048,729," 11:16:12","NA","Block 1:",787.5,"NA"," 10235","NA","NA","NA","NA"
" 5328","NA",876,12,"NA","NA","NA","31/03/2011",714.5,1004,"NA","NA"," 11:16:12","NA","Block 2:","NA",2403," 13647","NA",876,798,1214.5
" 5328",654,4514.33333333,35,898,574,902.333333333,"31/03/2011",712,788,1223,1165," 11:16:12",900,"Block 3:",758,1234," 47285",1549.33333333,"NA",751,1162
" 5328",866.5,"NA",11,3565,1647,651,"31/03/2011","NA","NA","NA",704," 11:16:12","NA","Block 4:",734.666666667,"NA"," 13859",1118.33333333,"NA","NA","NA"
" 5328",1366.5,1124,35,1010,1166,795.5,"31/03/2011",1412,1464,1393,861," 11:16:12",1122.33333333,"Block 5:",702,1160.66666667," 42746",4825,682.333333333,889,"NA"
" 5440","NA","NA",11,1074,1724.33333333,2062.33333333,"14/03/2011","NA","NA",1309,896," 12:17:45","NA","Block 1:",1118,"NA"," 17959",1128,"NA","NA","NA"
" 5440","NA",792,11,"NA","NA","NA","14/03/2011",955.5,1461,"NA","NA"," 12:17:45",827,"Block 2:","NA","NA"," 17339","NA",5887,985,900
" 5440",676.666666667,1077.33333333,32,600,626,697,"14/03/2011",649,741.5,608.25,610," 12:17:45",610,"Block 3:","NA",706," 27068",896.5,643.666666667,640.333333333,951
" 5440","NA","NA",11,577,621,984.666666667,"14/03/2011","NA","NA",534,531.5," 12:17:45","NA","Block 4:",1335.5,"NA"," 9621",624,"NA","NA","NA"
" 5440",1978.5,"NA",31,1687.25,1057,1122.5,"14/03/2011",1296,1783,1211.66666667,1696.5," 12:17:45",1886,"Block 5:",919.5,1830.66666667," 55960","NA","NA",3327.5,1405.4
" 5456",975,"NA",11,1261,684,681.5,"08/03/2011","NA","NA",770.5,985.5," 14:28:22","NA","Block 1:",2094,"NA"," 11280",695.5,"NA","NA","NA"
" 5456","NA",1497.33333333,12,"NA","NA","NA","08/03/2011",733,708,"NA","NA"," 14:28:22",806.5,"Block 2:","NA",1140," 12412","NA",911.666666667,991,"NA"
" 5456",765,1052,32,579,1858,"NA","08/03/2011",897.25,724,858.5,2252.66666667," 14:28:22",673,"Block 3:",1174,"NA"," 38465",916,843,833.5,1184.8
" 5456",1164.5,"NA",10,968,1272,1755,"08/03/2011","NA","NA","NA",1351," 14:28:22","NA","Block 4:",1411,"NA"," 15548",1400,"NA","NA","NA"
" 5456",1522,1626,25,2274,1297.8,2463.5,"08/03/2011",1106,1818.5,1483,2594.66666667," 14:28:22",1582.5,"Block 5:",806,1345," 60223",744,1741,2144,1279.5
" 5533",1237.66666667,"NA",12,"NA",852,"NA","11/04/2011","NA","NA",856,778," 12:27:56","NA","Block 1:",1041.5,"NA"," 11494",726,"NA","NA","NA"
" 5533","NA",876.75,12,"NA","NA","NA","11/04/2011",1842.5,1715.5,"NA","NA"," 12:27:56",1169,"Block 2:","NA","NA"," 14911","NA",776.5,1566,"NA"
" 5533",1205,1712.5,36,"NA",1065,713,"11/04/2011",769.333333333,2093.5,1021,996," 12:27:56",804,"Block 3:",1274.14285714,1532.33333333," 49199",2785,961.333333333,945,2778
" 5533",915.5,"NA",11,"NA",4289.33333333,2356,"11/04/2011","NA","NA",1342,1484," 12:27:56","NA","Block 4:",783,"NA"," 24049",950.5,"NA","NA","NA"
" 5533",1160,"NA",33,2477.33333333,956,2126.5,"11/04/2011",2953,5167.4,7368.75,"NA"," 12:27:56",10202,"Block 5:",4240.5,6357.5," 145404",1635.66666667,1430.5,1452.5,3622.4
" 5669","NA","NA",12,777,957.5,1128.66666667,"11/04/2011","NA","NA",679,663," 16:14:43","NA","Block 1:",773.5,"NA"," 10586",842,"NA","NA","NA"
" 5669","NA",2778,12,"NA","NA","NA","11/04/2011",547,"NA","NA","NA"," 16:14:43",666,"Block 2:","NA",918.5," 12281","NA",728.666666667,1600,1000.5
" 5669",907.5,1315.33333333,34,663.25,2583.66666667,"NA","11/04/2011",745,712.5,732.5,1020.66666667," 16:14:43","NA","Block 3:",823,603.5," 36705",1270,1005,966.333333333,706
" 5669",3092.5,"NA",11,722,842,765,"11/04/2011","NA","NA",539,756," 16:14:43","NA","Block 4:",816,"NA"," 13310","NA","NA","NA","NA"
" 5669",1614.75,1039,30,541,1449.33333333,770.333333333,"11/04/2011",821,4048.66666667,439,1086.33333333," 16:14:43","NA","Block 5:",1158.5,3766," 63820",1437,1665.66666667,826,3116
" 5682",1402,"NA",12,813.5,1232,871.5,"21/01/2011","NA","NA","NA","NA"," 13:00:06","NA","Block 1:",724.5,"NA"," 12435",946,"NA","NA","NA"
" 5682","NA",1358,12,"NA","NA","NA","21/01/2011",866.666666667,"NA","NA","NA"," 13:00:06","NA","Block 2:","NA",1021," 12546","NA",1028,913.5,1118
" 5682",768,"NA",36,682,721.333333333,"NA","21/01/2011",819.5,"NA","NA",916.666666667," 13:00:06",700.333333333,"Block 3:",752,896," 31808",754,1040,898.666666667,1395
" 5682",721.5,"NA",12,948,547,"NA","21/01/2011","NA","NA",641.5,887," 13:00:06","NA","Block 4:",660.666666667,"NA"," 8701",724,"NA","NA","NA"
" 5682","NA",3364.5,30,1392,1907.25,1244,"21/01/2011",1829.25,1629.66666667,780.5,2288.33333333," 13:00:06",1502.5,"Block 5:",1629,2244.66666667," 64408",1185.66666667,2080,1869,"NA"
" 5701",2199,"NA",12,805,"NA",1082,"18/01/2011","NA","NA",965,1971.5," 13:05:06","NA","Block 1:",921,"NA"," 14359",774.5,"NA","NA","NA"
" 5701","NA",1036,12,"NA","NA","NA","18/01/2011","NA",2114,"NA","NA"," 13:05:06",1281.5,"Block 2:","NA",781," 19164","NA",1820.33333333,1527.5,2077
" 5701",1839,1262,35,1294,2576,1352,"18/01/2011",1747,3969,1166.33333333,"NA"," 13:05:06",1793.71428571,"Block 3:",4197,1468.75," 64101",977,1784.5,1374.5,4142
" 5701",990.666666667,"NA",12,"NA",2256,"NA","18/01/2011","NA","NA",1239,1007.66666667," 13:05:06","NA","Block 4:","NA","NA"," 15069",845,"NA","NA","NA"
" 5701",1575,2477,36,1081.66666667,1832,1297,"18/01/2011",1743.5,1732.25,909,768," 13:05:06",1346,"Block 5:",934,950.666666667," 53249",1407,1125,2187,1087.5
" 5923","NA","NA",11,887,1728,765.333333333,"25/03/2011","NA","NA","NA",1451.66666667," 12:16:56","NA","Block 1:",868,"NA"," 13478",729,"NA","NA","NA"
" 5923","NA",655,12,"NA","NA","NA","25/03/2011",774,852,"NA","NA"," 12:16:56",1553.5,"Block 2:","NA",697," 11563","NA","NA",1501,809.333333333
" 5923",1011,1734,34,1594,949,1099.66666667,"25/03/2011",1061,907.5,1165,832," 12:16:56",713,"Block 3:",1750.25,1433.6," 46641",646,830.5,1328,1597.66666667
" 5923",2149.5,"NA",12,863,605,869,"25/03/2011","NA","NA",787,1810," 12:16:56","NA","Block 4:",889,"NA"," 14220",1431,"NA","NA","NA"
" 5923",1018.33333333,1549.5,34,1396,1462,3005,"25/03/2011",1994,1710,2104.33333333,1295.66666667," 12:16:56",916,"Block 5:",1647.66666667,1329.33333333," 61822",1182.5,1572,2071.33333333,2588.5
" 6334",1753,"NA",12,726.5,771.666666667,734.5,"19/01/2011","NA","NA","NA",777.5," 16:25:08","NA","Block 1:",722,"NA"," 9918",651,"NA","NA","NA"
" 6334","NA",1395,11,"NA","NA","NA","19/01/2011",878,"NA","NA","NA"," 16:25:08",797.5,"Block 2:","NA",765," 12582","NA",790.333333333,818,1997.5
" 6334",1225.5,1318.25,34,830.333333333,913.5,663.25,"19/01/2011",1252,924,1203,849," 16:25:08",894,"Block 3:",1024,667.5," 34633",602,"NA",654,1021.25
" 6334",911,"NA",12,631,991,842,"19/01/2011","NA","NA",692,"NA"," 16:25:08","NA","Block 4:",738.5,"NA"," 10479",1021,"NA","NA","NA"
" 6334",1301.75,1220,31,1368.5,1627,1164.33333333,"19/01/2011",1294,1088,739,1268.5," 16:25:08",1728.5,"Block 5:",1213.5,2236," 50444",991,1461.25,1586.5,2429.5
" 6536",1175,"NA",12,733,"NA","NA","05/04/2011","NA","NA",1662.33333333,967," 12:24:22","NA","Block 1:",2028,"NA"," 14542",888.5,"NA","NA","NA"
" 6536","NA",2415.5,11,"NA","NA","NA","05/04/2011",657,1259.66666667,"NA","NA"," 12:24:22",759,"Block 2:","NA",954," 14071","NA",744,"NA",931
" 6536",725.666666667,830,35,725.5,752.5,"NA","05/04/2011",708.333333333,928.75,"NA",619," 12:24:22",642,"Block 3:",595,599," 26210",488,582,739.857142857,879.5
" 6536","NA","NA",12,740,1208,1836.33333333,"05/04/2011","NA","NA",768,794," 12:24:22","NA","Block 4:",741,"NA"," 13579",635,"NA","NA","NA"
" 6536","NA",873,33,1788.5,2391,1238,"05/04/2011",1134,3513,1129,1487," 12:24:22",1043,"Block 5:",1056,2106," 46963",683.5,1236.2,887.333333333,1130
" 6543",992,"NA",12,"NA","NA",831,"04/03/2011","NA","NA",1550,693.666666667," 15:48:00","NA","Block 1:",948.5,"NA"," 13072",1790,"NA","NA","NA"
" 6543","NA",1045,12,"NA","NA","NA","04/03/2011","NA",1078,"NA","NA"," 15:48:00",872,"Block 2:","NA",1303.5," 17354","NA",1077,"NA",3387.5
" 6543",990,1734,34,"NA",1690,864,"04/03/2011",872.666666667,838,850,772.25," 15:48:00",1641,"Block 3:",1125.75,871," 40296",719,739.666666667,1348,832
" 6543","NA","NA",12,1728.5,541,620,"04/03/2011","NA","NA",675,723," 15:48:00","NA","Block 4:",715.5,"NA"," 9985",621.5,"NA","NA","NA"
" 6543",1108.6,"NA",35,1230,1206,1061.33333333,"04/03/2011",676.5,717,633.666666667,546," 15:48:00",742.666666667,"Block 5:",1090,1538.5," 34913",535,1028,854,929.666666667
" 6647",1024,"NA",11,775,950.5,4752,"23/02/2011","NA","NA",1014.66666667,"NA"," 13:12:45","NA","Block 1:",898,"NA"," 18696","NA","NA","NA","NA"
" 6647","NA",739,12,"NA","NA","NA","23/02/2011",772.666666667,1955,"NA","NA"," 13:12:45",784,"Block 2:","NA",881," 10621","NA",820.5,711,"NA"
" 6647",1629,1465.33333333,33,840,1290.5,654,"23/02/2011",1066.2,"NA",1285,1488.25," 13:12:45",1076.5,"Block 3:",1275,852," 45722",1451,1436.33333333,1226,"NA"
" 6647",1190.5,"NA",11,1141,854,859,"23/02/2011","NA","NA","NA",1419.5," 13:12:45","NA","Block 4:",1330,"NA"," 14784",1270.5,"NA","NA","NA"
" 6647",913.5,1174.5,35,1194.33333333,1067.5,845.666666667,"23/02/2011",805,859,887,759," 13:12:45",925.333333333,"Block 5:",969,"NA"," 38162",1033,1656.5,923.5,2145
" 6691",1191,"NA",12,"NA",1332,941,"16/03/2011","NA","NA","NA",903.666666667," 14:12:07","NA","Block 1:",860.5,"NA"," 12101",1004.66666667,"NA","NA","NA"
" 6691","NA",933.5,12,"NA","NA","NA","16/03/2011",750,954,"NA","NA"," 14:12:07","NA","Block 2:","NA",896," 12771","NA",1119,924.333333333,1470.66666667
" 6691",737.75,809.5,36,599,1367.25,636,"16/03/2011",979,877,824.5,800," 14:12:07",714,"Block 3:",648.666666667,738.75," 33387",1862,694,"NA",1221
" 6691",1036,"NA",12,626.5,2246,670,"16/03/2011","NA","NA",518,714," 14:12:07","NA","Block 4:",1015.5,"NA"," 10909",885.5,"NA","NA","NA"
" 6691",1475.66666667,1758,35,1034,869.5,1976,"16/03/2011",1104,1091.5,812.333333333,743.666666667," 14:12:07",1003.5,"Block 5:",1863,"NA"," 49899",1192.83333333,3610.5,1617,"NA"
" 6936",918,"NA",12,739,1384,1811,"25/01/2011","NA","NA",947,1068," 10:44:17","NA","Block 1:","NA","NA"," 17652",1880.2,"NA","NA","NA"
" 6936","NA",1048,12,"NA","NA","NA","25/01/2011",728.5,1029,"NA","NA"," 10:44:17",667,"Block 2:","NA",869," 13362","NA",891,708,1934
" 6936",864.666666667,2373.5,35,666,2124.5,1230,"25/01/2011",864.5,1335,875.333333333,904.5," 10:44:17","NA","Block 3:",899.4,992," 38556",601,1129,872.5,829.333333333
" 6936","NA","NA",11,"NA",1837,3183,"25/01/2011","NA","NA",773.666666667,1077.5," 10:44:17","NA","Block 4:",1317,"NA"," 14563",811,"NA","NA","NA"
" 6936",1230,"NA",36,1821,"NA",1163,"25/01/2011",840.5,2298,2489.2,1490.83333333," 10:44:17",1863,"Block 5:",1358,"NA"," 62180",1207.33333333,2401.8,1301,1431.5
" 6955",702.333333333,"NA",11,501,704,575,"01/04/2011","NA","NA",587,675.666666667," 15:14:34","NA","Block 1:",611,"NA"," 7699","NA","NA","NA","NA"
" 6955","NA",561,12,"NA","NA","NA","01/04/2011",1126,564,"NA","NA"," 15:14:34","NA","Block 2:","NA",562," 8304","NA",742.666666667,691.5,757
" 6955",655.333333333,712,34,856.5,874,821,"01/04/2011",928.5,827,1042.33333333,871," 15:14:34","NA","Block 3:",672.4,735," 28767",691.333333333,"NA",820,1352
" 6955","NA","NA",10,567.5,"NA",919.5,"01/04/2011","NA","NA",630,611.666666667," 15:14:34","NA","Block 4:",767.5,"NA"," 8632",829,"NA","NA","NA"
" 6955","NA",794.666666667,34,609,690.666666667,"NA","01/04/2011",792.5,888,867,1099.33333333," 15:14:34",679.5,"Block 5:",784.666666667,872.5," 30146",621,1600,983.666666667,652
" 7141",1095.5,"NA",12,981.333333333,1129,994,"30/03/2011","NA","NA",902,"NA"," 11:15:53","NA","Block 1:",1114.5,"NA"," 12512","NA","NA","NA","NA"
" 7141","NA",786,12,"NA","NA","NA","30/03/2011",642,"NA","NA","NA"," 11:15:53",733,"Block 2:","NA",822," 10165","NA",812.5,882,1010.33333333
" 7141",1690,1605.33333333,33,1215.66666667,2458.5,4810,"30/03/2011",880,882.333333333,741,1482.5," 11:15:53",1058,"Block 3:",1728.5,765.666666667," 46594",802.6,564,832,640.5
" 7141","NA","NA",11,658,890,758,"30/03/2011","NA","NA",720,596.5," 11:15:53","NA","Block 4:",1278.5,"NA"," 15616",6302,"NA","NA","NA"
" 7141",1004,679,33,1969.33333333,724.333333333,"NA","30/03/2011",1285.5,1561,1278.5,1712.33333333," 11:15:53",577,"Block 5:",785.75,616," 38945",618,653.666666667,737,664.5
" 7198",1171,"NA",12,1125.33333333,816,1071,"31/03/2011","NA","NA",868,984," 17:49:22","NA","Block 1:",762.5,"NA"," 11638",656,"NA","NA","NA"
" 7198","NA",811,12,"NA","NA","NA","31/03/2011",619,831.666666667,"NA","NA"," 17:49:22",880.5,"Block 2:","NA","NA"," 10264","NA",833,978,"NA"
" 7198",665,713,35,1649,1012.33333333,989.333333333,"31/03/2011",673.166666667,884,766,1784," 17:49:22",792.333333333,"Block 3:",1033.66666667,1918," 35713",603,726.5,1420.33333333,1152.75
" 7198",764,"NA",11,710,"NA","NA","31/03/2011","NA","NA",970.5,996.666666667," 17:49:22","NA","Block 4:",1270.66666667,"NA"," 12058",920.5,"NA","NA","NA"
" 7198",1575.33333333,1586,36,941.5,1298.14285714,814,"31/03/2011",1013.5,1627,913.666666667,839," 17:49:22",2403.5,"Block 5:",1152.5,"NA"," 48355",1204,1955,1057,1687
" 7327",745.5,"NA",10,962.5,"NA",712,"20/01/2011","NA","NA",912.5,774," 14:15:48","NA","Block 1:",1092.5,"NA"," 10336","NA","NA","NA","NA"
" 7327","NA","NA",10,"NA","NA","NA","20/01/2011",633.5,1059,"NA","NA"," 14:15:48",797,"Block 2:","NA",821," 11287","NA",622,1638.5,874.333333333
" 7327",670.666666667,1058,32,647,632,710.666666667,"20/01/2011",492,937,1338,739.75," 14:15:48",859,"Block 3:",677,607," 29296",1244,1244,703.5,560
" 7327",1418,"NA",7,1058,1308,"NA","20/01/2011","NA","NA",628.5,475," 14:15:48","NA","Block 4:",1148.5,"NA"," 12124",737.5,"NA","NA","NA"
" 7327",1101.33333333,518,25,756.25,3698,1005,"20/01/2011",579.25,1241,948,712.333333333," 14:15:48",716.5,"Block 5:","NA",611.5," 33235",848.333333333,939,"NA",934
" 7473",1146,"NA",12,"NA",1560,739.5,"21/01/2011","NA","NA",947.5,994," 11:37:13","NA","Block 1:",1219,"NA"," 32349",10751,"NA","NA","NA"
" 7473","NA",861,12,"NA","NA","NA","21/01/2011",564,1678.33333333,"NA","NA"," 11:37:13",776.5,"Block 2:","NA",865," 14225","NA",943.5,1730,"NA"
" 7473","NA",1676,30,994,2028,1081,"21/01/2011","NA",796,1302.5,"NA"," 11:37:13",1041.66666667,"Block 3:",3039,996.6," 48685",1425,857.25,872.25,3049.5
" 7473",745.333333333,"NA",11,664.5,835,1230,"21/01/2011","NA","NA",582,1725," 11:37:13","NA","Block 4:",1026,"NA"," 10472",927,"NA","NA","NA"
" 7473",721,1299.5,32,729.666666667,"NA",2038.33333333,"21/01/2011",1302,1259,1195,1597.66666667," 11:37:13",1209.75,"Block 5:",1747.5,861.5," 44511",856,885.5,1188.5,995.333333333
" 7521",943.5,"NA",12,663,758,1566,"13/04/2011","NA","NA",776,689," 14:25:59","NA","Block 1:","NA","NA"," 9839",687,"NA","NA","NA"
" 7521","NA","NA",12,"NA","NA","NA","13/04/2011",792,748,"NA","NA"," 14:25:59",767,"Block 2:","NA",859.5," 9727","NA",1056,662.666666667,834
" 7521",986.666666667,1151,36,1006,1089,"NA","13/04/2011",952,1144.5,752.666666667,996," 14:25:59",1488.33333333,"Block 3:",1133,1121.33333333," 37659",1114,"NA",892.25,738
" 7521",715.666666667,"NA",12,531,599.5,539,"13/04/2011","NA","NA",836,888," 14:25:59","NA","Block 4:","NA","NA"," 8648","NA","NA","NA","NA"
" 7521",2041.5,1075,36,858,1262,988.333333333,"13/04/2011",1292.33333333,2080.5,1373,1133," 14:25:59",723,"Block 5:",3127,1099.6," 46891",1136,3427,1143,841.333333333
" 7706",753,"NA",11,686,1657,652,"14/04/2011","NA","NA",815,1455.66666667," 14:18:41","NA","Block 1:",1137,"NA"," 12523",659.5,"NA","NA","NA"
" 7706","NA",725,12,"NA","NA","NA","14/04/2011",824,815,"NA","NA"," 14:18:41",699,"Block 2:","NA",840.5," 10620","NA","NA",1203.33333333,752
" 7706",853.333333333,1747.5,35,811,"NA",852.857142857,"14/04/2011",933,891,751.5,"NA"," 14:18:41",1094.5,"Block 3:",930.333333333,775," 34939",1009.66666667,845.666666667,"NA",712
" 7706",1601,"NA",12,723,1562.5,712,"14/04/2011","NA","NA",893.5,780," 14:18:41","NA","Block 4:",737,"NA"," 11760",821,"NA","NA","NA"
" 7706",1875.5,"NA",35,879,"NA",923.333333333,"14/04/2011",876,1204.5,1720.25,1219," 14:18:41","NA","Block 5:",1496,1203.5," 44014",683,1783.66666667,"NA",840.25
" 7787","NA","NA",12,681.5,824.666666667,1025.5,"08/03/2011","NA","NA",680,"NA"," 13:46:03","NA","Block 1:",662,"NA"," 9766",1176,"NA","NA","NA"
" 7787","NA",788,11,"NA","NA","NA","08/03/2011",869,546,"NA","NA"," 13:46:03",949,"Block 2:","NA","NA"," 8648","NA",474,"NA",581
" 7787",2095.33333333,684,33,480,713.75,678,"08/03/2011",1202,"NA","NA",565.5," 13:46:03",580,"Block 3:",637.75,731," 29579",757.333333333,631,875.5,542.333333333
" 7787",1352,"NA",12,532,585,"NA","08/03/2011","NA","NA",490,503," 13:46:03","NA","Block 4:",655,"NA"," 8278",594.5,"NA","NA","NA"
" 7787",1836,1517,29,729,712.5,865,"08/03/2011",617,1194,1225.5,1260," 13:46:03",1215.85714286,"Block 5:",1588,908.5," 38849",1618,756,1031.33333333,820
" 7837",1146,"NA",12,1282,1405,2110,"11/04/2011","NA","NA",1173,722," 14:20:09","NA","Block 1:","NA","NA"," 15881",1496,"NA","NA","NA"
" 7837","NA","NA",12,"NA","NA","NA","11/04/2011","NA",1316,"NA","NA"," 14:20:09",1315.25,"Block 2:","NA",1491," 17761","NA",2537,1089,1220.5
" 7837",1284,1262,35,2287.2,1074.33333333,1294.5,"11/04/2011",905.5,1943.5,"NA",1411.2," 14:20:09",1259.8,"Block 3:",2081.5,"NA"," 55759",2378,1401,1782,1203
" 7837",1088,"NA",11,5278,1521,1271.25,"11/04/2011","NA","NA","NA",2903," 14:20:09","NA","Block 4:",2867.5,"NA"," 23006",698,"NA","NA","NA"
" 7837",1946,2690,31,1456,4648.5,2993,"11/04/2011",1734.33333333,"NA",1145.33333333,1007," 14:20:09",2383.25,"Block 5:",2734,2338," 82427",2417,"NA",2667.5,1361
" 7983",2130.5,"NA",11,1200.5,3925,1251,"06/04/2011","NA","NA",1106,1765," 17:14:45","NA","Block 1:",1658,"NA"," 20141",903,"NA","NA","NA"
" 7983","NA",817,11,"NA","NA","NA","06/04/2011",817,1960,"NA","NA"," 17:14:45",1112,"Block 2:","NA","NA"," 15927","NA",1815.66666667,954,1298
" 7983",2742.5,2378.25,33,693,2700,"NA","06/04/2011",3518.5,1190.33333333,1390,788.666666667," 17:14:45",825.333333333,"Block 3:",1369.75,1447," 64020",5184,1358.33333333,1459,785
" 7983",1277.5,"NA",11,952,752,1544,"06/04/2011","NA","NA",1419,2140.5," 17:14:45","NA","Block 4:",1219,"NA"," 15378","NA","NA","NA","NA"
" 7983",2909,3376.33333333,31,"NA",2552.66666667,3022,"06/04/2011",2612.5,1810,3174,1328," 17:14:45",6386.5,"Block 5:",4140.33333333,2850.33333333," 109318",1278,2473,3751.66666667,2789
" 8206",1756,"NA",12,"NA",954,961,"30/03/2011","NA","NA",1149,669.5," 14:22:29","NA","Block 1:",735,"NA"," 11979",1010.5,"NA","NA","NA"
" 8206","NA",758,12,"NA","NA","NA","30/03/2011",724,1879,"NA","NA"," 14:22:29",1280.5,"Block 2:","NA",768.5," 11773","NA",682,950.5,1007
" 8206",663.75,4852,35,766,739,"NA","30/03/2011",631.5,713,711.666666667,822," 14:22:29",954,"Block 3:",661,657.666666667," 31248",587,612.2,889.666666667,1024.4
" 8206",898,"NA",11,649.5,912.5,601,"30/03/2011","NA","NA",2178.5,760.5," 14:22:29","NA","Block 4:","NA","NA"," 11997",598,"NA","NA","NA"
" 8206",1670.25,3762,26,1177.66666667,1218.5,881,"30/03/2011",4597,2368.33333333,1398.33333333,825.333333333," 14:22:29",835,"Block 5:",1811,1522.5," 61851",1225.33333333,3250,1779,1298
" 8273",950,"NA",11,547.5,540,"NA","25/01/2011","NA","NA",696.5,578.5," 14:20:09","NA","Block 1:",514.666666667,"NA"," 7256",577,"NA","NA","NA"
" 8273","NA",703.75,12,"NA","NA","NA","25/01/2011","NA","NA","NA","NA"," 14:20:09",594,"Block 2:","NA",669," 8061","NA",649,665.333333333,669
" 8273",871,755,34,709.5,791.833333333,644,"25/01/2011",626,703.666666667,590,787," 14:20:09",611.5,"Block 3:",652.5,582," 27049",568,1085,797,604.5
" 8273","NA","NA",12,759.333333333,977,627.5,"25/01/2011","NA","NA",580,531," 14:20:09","NA","Block 4:",675,"NA"," 8172",526,"NA","NA","NA"
" 8273",1479,920.2,31,854.5,746,859.285714286,"25/01/2011",1229.5,1625.33333333,852,713," 14:20:09",1331.66666667,"Block 5:",3793,674.75," 40760",695,571,2176,1205
" 8421",952,"NA",11,594,2667,1603.33333333,"28/03/2011","NA","NA",497,686," 15:24:45","NA","Block 1:",808,"NA"," 13958",1129,"NA","NA","NA"
" 8421","NA","NA",11,"NA","NA","NA","28/03/2011",920,728,"NA","NA"," 15:24:45","NA","Block 2:","NA",781," 11359","NA",826.5,"NA",1225.25
" 8421",1251.75,595,36,683,963,1434.5,"28/03/2011",806,3329,1977,888," 15:24:45",1252,"Block 3:",821.333333333,"NA"," 43769",1314,980,1304.5,758
" 8421",4073,"NA",10,1197,1535,860,"28/03/2011","NA","NA",2690,"NA"," 15:24:45","NA","Block 4:",2010.33333333,"NA"," 21634",1656,"NA","NA","NA"
" 8421",1875,866.666666667,32,1497,2157.25,2900.5,"28/03/2011",3555.66666667,1316,2282,1455," 15:24:45",1333,"Block 5:",1057,887.5," 61454",1188,673,808,"NA"
" 8888",1020,"NA",12,621,3692.5,1377,"25/03/2011","NA","NA",1323,"NA"," 11:15:33","NA","Block 1:",1145,"NA"," 18925",940,"NA","NA","NA"
" 8888","NA",975,12,"NA","NA","NA","25/03/2011",821.5,1162.5,"NA","NA"," 11:15:33",807,"Block 2:","NA",1962," 12661","NA",796,807,1275
" 8888",1168.33333333,1645,36,"NA",1533,1098,"25/03/2011",1651,1369,947,"NA"," 11:15:33",924.5,"Block 3:",2377.66666667,1454," 46062",704,"NA",996.5,951.2
" 8888",1098.5,"NA",12,1377,688.5,1210.5,"25/03/2011","NA","NA",564,633," 11:15:33","NA","Block 4:","NA","NA"," 10789",740,"NA","NA","NA"
" 8888",789.5,1087.25,35,1055,1763,997.5,"25/03/2011",1522.5,1018,1355.75,1281.5," 11:15:33",2168,"Block 5:",950,892.5," 52750",944,1360.2,3855,1280.5
" 9120",1237,"NA",12,"NA","NA",1246,"16/02/2011","NA","NA",967.5,968," 10:20:09","NA","Block 1:",842,"NA"," 11998",801.5,"NA","NA","NA"
" 9120","NA",834,12,"NA","NA","NA","16/02/2011",948.5,"NA","NA","NA"," 10:20:09","NA","Block 2:","NA",973," 13195","NA",941.5,1315,1514
" 9120",1396.75,1197,36,1190.75,1263.33333333,939,"16/02/2011",760,1256,1272.5,1081.33333333," 10:20:09",770.5,"Block 3:",1574,1174," 44129",817,1060,907,2243
" 9120",996.5,"NA",12,856,859,"NA","16/02/2011","NA","NA",1348,901," 10:20:09","NA","Block 4:",1528.66666667,"NA"," 13440",693,"NA","NA","NA"
" 9120",1565.66666667,833,36,697,1164,756,"16/02/2011",811.666666667,1501.66666667,786.2,1475," 10:20:09","NA","Block 5:",843,707.666666667," 35772",1208,1016.5,711,784
" 9548",856.666666667,"NA",12,559,662,1232,"12/04/2011","NA","NA",812,941.5," 15:20:33","NA","Block 1:",971,"NA"," 9937",586,"NA","NA","NA"
" 9548","NA",750,12,"NA","NA","NA","12/04/2011",1440,781,"NA","NA"," 15:20:33",752,"Block 2:","NA",1182," 10961","NA",788,1169,985
" 9548",743,1146.5,35,735,978.5,"NA","12/04/2011","NA",677,1032,1282," 15:20:33","NA","Block 3:","NA",730.333333333," 36526",697.428571429,672,1199.75,1591.2
" 9548",786,"NA",12,925,774,1607.5,"12/04/2011","NA","NA",733,1151.5," 15:20:33","NA","Block 4:",841,"NA"," 11790",598,"NA","NA","NA"
" 9548",1384.4,1267,33,1448.5,1130.66666667,1108,"12/04/2011",1154,1162.25,1416,"NA"," 15:20:33",2179.5,"Block 5:",2039.5,1049," 53202",1215,"NA",1988,3410
" 9782",578.333333333,"NA",12,615,"NA",680,"11/04/2011","NA","NA",553,574.5," 15:17:01","NA","Block 1:",532,"NA"," 7000",528,"NA","NA","NA"
" 9782","NA","NA",10,"NA","NA","NA","11/04/2011",576,555,"NA","NA"," 15:17:01",747,"Block 2:","NA",714," 9491","NA",1014.5,955.333333333,"NA"
" 9782",698.333333333,747,34,804.5,742.5,711,"11/04/2011",1135.75,798.333333333,681.5,597," 15:17:01","NA","Block 3:","NA",579.333333333," 28559",670.666666667,755,792.5,1006.33333333
" 9782",864,"NA",12,"NA",1747,671,"11/04/2011","NA","NA",588.25,584.5," 15:17:01","NA","Block 4:",642.5,"NA"," 8760","NA","NA","NA","NA"
" 9782",924.666666667,1011,31,808,1009.25,1285.5,"11/04/2011",683,1930,"NA",647," 15:17:01",888,"Block 5:",1019,535," 34256",785.5,713.5,925,689
" 9853",992,"NA",12,829,714,1468,"25/03/2011","NA","NA","NA",2106," 15:28:30","NA","Block 1:",970,"NA"," 13717",870.5,"NA","NA","NA"
" 9853","NA",795.5,12,"NA","NA","NA","25/03/2011",1868.5,927,"NA","NA"," 15:28:30",761,"Block 2:","NA",1117," 15792","NA",923,"NA",1873
" 9853","NA",792.5,36,1118.75,1292,1180,"25/03/2011",2086,923,764.5,1488.33333333," 15:28:30",870,"Block 3:",1364.83333333,650," 41183",1087.5,1012.33333333,1721,733
" 9853",699,"NA",12,1244,1544.5,"NA","25/03/2011","NA","NA",1264.66666667,"NA"," 15:28:30","NA","Block 4:",636,"NA"," 13945",1301.5,"NA","NA","NA"
" 9853",1165.25,4294.66666667,33,841.666666667,2702,1072,"25/03/2011","NA","NA",8143,1244.33333333," 15:28:30",1268.33333333,"Block 5:",1715.5,1049," 91574",1785.25,10021.5,1939.75,732
" 9876",896,"NA",12,600,881,746,"28/01/2011","NA","NA",647.333333333,688," 11:11:22","NA","Block 1:",709,"NA"," 8696",665,"NA","NA","NA"
" 9876","NA",885,12,"NA","NA","NA","28/01/2011",637.5,736.5,"NA","NA"," 11:11:22",719.5,"Block 2:","NA",778.5," 11760","NA",855,3506,770
" 9876",1421,1193,35,990.5,3315,1141.66666667,"28/01/2011",704.75,1004.25,714.5,"NA"," 11:11:22","NA","Block 3:",656.75,1183," 39563",758,1332.8,"NA",764
" 9876","NA","NA",12,539,750,649,"28/01/2011","NA","NA",508.5,1051.66666667," 11:11:22","NA","Block 4:",643.5,"NA"," 8784",637,"NA","NA","NA"
" 9876",756,1081.4,36,791.333333333,755.333333333,878.5,"28/01/2011",803.666666667,1070.5,960.666666667,634," 11:11:22",1257,"Block 5:",972,805," 33643",833.5,1387,1077,940.5
" 98762","NA","NA",12,788,"NA",774.333333333,"25/03/2011","NA","NA",814,1380," 13:18:55","NA","Block 1:",1189,"NA"," 11993",953,"NA","NA","NA"
" 98762","NA","NA",12,"NA","NA","NA","25/03/2011",812.5,712,"NA","NA"," 13:18:55",684.5,"Block 2:","NA",760.666666667," 9368","NA",650,1378,676
" 98762",1210.66666667,1057,34,"NA",708,2471,"25/03/2011",632,"NA",1722.5,774," 13:18:55",859,"Block 3:",794,723," 42482",1063.16666667,838,2456,989
" 98762",839.5,"NA",11,702,"NA",951.25,"25/03/2011","NA","NA",657,1588.5," 13:18:55","NA","Block 4:",1636.5,"NA"," 13293","NA","NA","NA","NA"
" 98762",2262,1033,34,1882,1515,1196.4,"25/03/2011","NA",1509,1273,"NA"," 13:18:55",818,"Block 5:",1473,"NA"," 58125",1074.5,1013.66666667,2463.25,2898
9091,1293,"NA",12,"NA",1092,688,"03/02/2011","NA","NA",584,1184," 14:29:53","NA","Block 1:",2204.5,"NA"," 13539",608,"NA","NA","NA"
9091,"NA",1320,11,"NA","NA","NA","03/02/2011","NA",629,"NA","NA"," 14:29:53",940,"Block 2:","NA",675," 10554","NA",577,"NA",854
9091,710.5,798,35,683,646,542,"03/02/2011",594.5,3055,581.5,592," 14:29:53",671,"Block 3:",579.5,532," 26602",556,1374,1090,1053
9091,2547,"NA",11,1347.66666667,805,704.5,"03/02/2011","NA","NA",619,1314," 14:29:53","NA","Block 4:",854,"NA"," 16951",2680,"NA","NA","NA"
9091,998,1013.5,34,665.333333333,819.5,2180.5,"03/02/2011",1184,947.2,687.333333333,688.333333333," 14:29:53",934,"Block 5:",797.666666667,1666," 36821",886,777.5,892,1847.66666667
